t [s]	Ux [V]	Uy [V]
5,753026	-1,387919	0,006354
5,763026	-1,389194	0,008906
5,773026	-1,387919	0,002526
5,783026	-1,384095	0,008906
5,793026	-1,38537	0,008906
5,803026	-1,387919	0,003802
5,813026	-1,384095	0,008906
5,823026	-1,391743	0,006354
5,833026	-1,386645	0,008906
5,850607	-1,387919	0,006354
5,860607	-1,384095	0,008906
5,870607	-1,391743	0,002526
5,880607	-1,387919	0,006354
5,890607	-1,386645	0,006354
5,900607	-1,382821	0,008906
5,910607	-1,390468	0,002526
5,920607	-1,386645	0,006354
5,930607	-1,382821	0,010181
5,940607	-1,384095	0,008906
5,968362	-1,384095	0,008906
5,978362	-1,391743	0,00763
5,988362	-1,384095	0,006354
5,998362	-1,384095	0,006354
6,008362	-1,390468	0,008906
6,018362	-1,391743	0,006354
6,028362	-1,390468	0,002526
6,038362	-1,386645	0,003802
6,048362	-1,386645	0,006354
6,058362	-1,386645	0,006354
6,070825	-1,391743	0,003802
6,080825	-1,387919	0,002526
6,090825	-1,386645	0,002526
6,100825	-1,384095	0,005078
6,110825	-1,387919	0,008906
6,120825	-1,387919	0,005078
6,130825	-1,38537	0,00763
6,140825	-1,386645	0,006354
6,150825	-1,384095	0,006354
6,160825	-1,387919	0,010181
6,179227	-1,390468	0,003802
6,189227	-1,386645	0,006354
6,199227	-1,386645	0,008906
6,209227	-1,391743	0,006354
6,219227	-1,384095	0,008906
6,229227	-1,390468	0,003802
6,239227	-1,384095	0,008906
6,249227	-1,387919	0,006354
6,259227	-1,390468	0,002526
6,269227	-1,384095	0,006354
6,288007	-1,384095	0,010181
6,298007	-1,38537	0,008906
6,308007	-1,387919	0,003802
6,318007	-1,390468	0,002526
6,328007	-1,386645	0,006354
6,338007	-1,386645	0,00763
6,348007	-1,387919	0,006354
6,358007	-1,387919	0,006354
6,368007	-1,391743	0,006354
6,378007	-1,384095	0,010181
6,406552	-1,391743	0,002526
6,416552	-1,390468	0,002526
6,426552	-1,390468	0,002526
6,436552	-1,384095	0,006354
6,446552	-1,384095	0,006354
6,456552	-1,387919	0,005078
6,466552	-1,390468	0,003802
6,476552	-1,391743	0,006354
6,486552	-1,387919	0,002526
6,496552	-1,387919	0,006354
6,51982	-1,386645	0,006354
6,52982	-1,384095	0,006354
6,53982	-1,389194	0,00763
6,54982	-1,386645	0,002526
6,55982	-1,384095	0,010181
6,56982	-1,387919	0,005078
6,57982	-1,38537	0,006354
6,58982	-1,384095	0,010181
6,59982	-1,390468	0,003802
6,60982	-1,387919	0,005078
6,634155	-1,387919	0,006354
6,644155	-1,390468	0,006354
6,654155	-1,387919	0,002526
6,664155	-1,387919	0,003802
6,674155	-1,386645	0,006354
6,684155	-1,384095	0,006354
6,694155	-1,390468	0,002526
6,704155	-1,390468	0,003802
6,714155	-1,387919	0,005078
6,724155	-1,384095	0,008906
6,738323	-1,391743	0,002526
6,748323	-1,387919	0,006354
6,758323	-1,384095	0,008906
6,768323	-1,391743	0,002526
6,778323	-1,387919	0,003802
6,788323	-1,384095	0,008906
6,798323	-1,391743	0,003802
6,808323	-1,387919	0,002526
6,818323	-1,384095	0,006354
6,828323	-1,384095	0,010181
6,841663	-1,389194	0,006354
6,851663	-1,387919	0,008906
6,861663	-1,390468	0,00763
6,871663	-1,391743	0,003802
6,881663	-1,390468	0,002526
6,891663	-1,384095	0,010181
6,901663	-1,38537	0,010181
6,911663	-1,391743	0,003802
6,921663	-1,384095	0,006354
6,931663	-1,390468	0,005078
6,944675	-1,387919	0,006354
6,954675	-1,384095	0,008906
6,964675	-1,391743	0,002526
6,974675	-1,391743	0,002526
6,984675	-1,384095	0,006354
6,994675	-1,387919	0,008906
7,004675	-1,391743	0,006354
7,014675	-1,384095	0,008906
7,024675	-1,389194	0,008906
7,034675	-1,387919	0,003802
7,050812	-1,387919	0,006354
7,060812	-1,390468	0,006354
7,070812	-1,387919	0,008906
7,080812	-1,389194	0,006354
7,090812	-1,387919	0,006354
7,100812	-1,384095	0,008906
7,110812	-1,384095	0,008906
7,120812	-1,38537	0,006354
7,130812	-1,386645	0,006354
7,140812	-1,384095	0,008906
7,158763	-1,384095	0,008906
7,168763	-1,390468	0,002526
7,178763	-1,384095	0,006354
7,188763	-1,387919	0,008906
7,198763	-1,390468	0,002526
7,208763	-1,386645	0,006354
7,218763	-1,38537	0,008906
7,228763	-1,390468	0,006354
7,238763	-1,386645	0,006354
7,248763	-1,384095	0,005078
7,267848	-1,387919	0,005078
7,277848	-1,390468	0,003802
7,287848	-1,384095	0,006354
7,297848	-1,384095	0,006354
7,307848	-1,38537	0,008906
7,317848	-1,386645	0,006354
7,327848	-1,390468	0,002526
7,337848	-1,386645	0,002526
7,347848	-1,387919	0,006354
7,357848	-1,386645	0,006354
7,371708	-1,384095	0,008906
7,381708	-1,391743	0,002526
7,391708	-1,384095	0,008906
7,401708	-1,387919	0,005078
7,411708	-1,386645	0,008906
7,421708	-1,390468	0,005078
7,431708	-1,389194	0,005078
7,441708	-1,382821	0,006354
7,451708	-1,391743	0,00763
7,461708	-1,386645	0,006354
7,480211	-1,387919	0,005078
7,490211	-1,390468	0,002526
7,500211	-1,384095	0,006354
7,510211	-1,387919	0,008906
7,520211	-1,390468	0,006354
7,530211	-1,386645	0,006354
7,540211	-1,387919	0,006354
7,550211	-1,390468	0,003802
7,560211	-1,382821	0,006354
7,570211	-1,384095	0,006354
7,584226	-1,390468	0,003802
7,594226	-1,384095	0,008906
7,604226	-1,386645	0,006354
7,614226	-1,384095	0,008906
7,624226	-1,390468	0,003802
7,634226	-1,38537	0,006354
7,644226	-1,390468	0,006354
7,654226	-1,387919	0,008906
7,664226	-1,387919	0,005078
7,674226	-1,384095	0,006354
7,696792	-1,386645	0,010181
7,706792	-1,387919	0,006354
7,716792	-1,391743	0,006354
7,726792	-1,390468	0,006354
7,736792	-1,387919	0,002526
7,746792	-1,387919	0,008906
7,756792	-1,386645	0,006354
7,766792	-1,390468	0,006354
7,776792	-1,387919	0,008906
7,786792	-1,393017	0,002526
7,80742	-1,390468	0,003802
7,81742	-1,384095	0,008906
7,82742	-1,391743	0,003802
7,83742	-1,384095	0,010181
7,84742	-1,391743	0,006354
7,85742	-1,386645	0,00763
7,86742	-1,38537	0,008906
7,87742	-1,387919	0,008906
7,88742	-1,38537	0,010181
7,89742	-1,387919	0,006354
7,912737	-1,384095	0,008906
7,922737	-1,38537	0,006354
7,932737	-1,390468	0,003802
7,942737	-1,387919	0,006354
7,952737	-1,387919	0,006354
7,962737	-1,384095	0,006354
7,972737	-1,386645	0,008906
7,982737	-1,384095	0,006354
7,992737	-1,390468	0,006354
8,002737	-1,387919	0,006354
8,031792	-1,390468	0,003802
8,041792	-1,384095	0,010181
8,051792	-1,387919	0,006354
8,061792	-1,38537	0,010181
8,071792	-1,387919	0,002526
8,081792	-1,386645	0,008906
8,091792	-1,386645	0,005078
8,101792	-1,384095	0,006354
8,111792	-1,386645	0,002526
8,121792	-1,382821	0,006354
8,147318	-1,387919	0,006354
8,157318	-1,387919	0,006354
8,167318	-1,391743	0,006354
8,177318	-1,387919	0,002526
8,187318	-1,387919	0,005078
8,197318	-1,390468	0,006354
8,207318	-1,382821	0,010181
8,217318	-1,390468	0,002526
8,227318	-1,384095	0,00763
8,237318	-1,384095	0,010181
8,256147	-1,387919	0,006354
8,266147	-1,390468	0,003802
8,276147	-1,386645	0,006354
8,286147	-1,387919	0,006354
8,296147	-1,390468	0,006354
8,306147	-1,387919	0,003802
8,316147	-1,387919	0,008906
8,326147	-1,386645	0,006354
8,336147	-1,390468	0,006354
8,346147	-1,390468	0,006354
8,367454	-1,384095	0,010181
8,377454	-1,386645	0,006354
8,387454	-1,386645	0,002526
8,397454	-1,386645	0,008906
8,407454	-1,387919	0,002526
8,417454	-1,384095	0,005078
8,427454	-1,386645	0,008906
8,437454	-1,384095	0,006354
8,447454	-1,389194	0,005078
8,457454	-1,387919	0,003802
8,48758	-1,386645	0,006354
8,49758	-1,386645	0,003802
8,50758	-1,38537	0,006354
8,51758	-1,38537	0,006354
8,52758	-1,390468	0,002526
8,53758	-1,386645	0,006354
8,54758	-1,386645	0,00763
8,55758	-1,384095	0,008906
8,56758	-1,391743	0,002526
8,57758	-1,384095	0,003802
8,602761	-1,38537	0,010181
8,612761	-1,391743	0,006354
8,622761	-1,384095	0,006354
8,632761	-1,390468	0,006354
8,642761	-1,386645	0,008906
8,652761	-1,387919	0,006354
8,662761	-1,390468	0,006354
8,672761	-1,386645	0,002526
8,682761	-1,384095	0,006354
8,692761	-1,386645	0,003802
8,716191	-1,384095	0,010181
8,726191	-1,387919	0,005078
8,736191	-1,391743	0,002526
8,746191	-1,391743	0,006354
8,756191	-1,386645	0,006354
8,766191	-1,390468	0,006354
8,776191	-1,386645	0,006354
8,786191	-1,386645	0,00763
8,796191	-1,387919	0,006354
8,806191	-1,386645	0,005078
8,830675	-1,384095	0,010181
8,840675	-1,384095	0,006354
8,850675	-1,390468	0,005078
8,860675	-1,390468	0,006354
8,870675	-1,386645	0,006354
8,880675	-1,387919	0,002526
8,890675	-1,387919	0,003802
8,900675	-1,384095	0,006354
8,910675	-1,386645	0,006354
8,920675	-1,387919	0,006354
8,949099	-1,386645	0,006354
8,959099	-1,387919	0,008906
8,969099	-1,389194	0,008906
8,979099	-1,387919	0,008906
8,989099	-1,391743	0,002526
8,999099	-1,387919	0,002526
9,009099	-1,38537	0,008906
9,019099	-1,390468	0,006354
9,029099	-1,38537	0,006354
9,039099	-1,386645	0,006354
9,05532	-1,390468	0,002526
9,06532	-1,38537	0,006354
9,07532	-1,38537	0,006354
9,08532	-1,390468	0,003802
9,09532	-1,387919	0,006354
9,10532	-1,387919	0,005078
9,11532	-1,391743	0,002526
9,12532	-1,387919	0,008906
9,13532	-1,387919	0,003802
9,14532	-1,386645	0,006354
9,171323	-1,390468	0,003802
9,181323	-1,386645	0,006354
9,191323	-1,386645	0,006354
9,201323	-1,391743	0,002526
9,211323	-1,386645	0,00763
9,221323	-1,387919	0,006354
9,231323	-1,390468	0,002526
9,241323	-1,387919	0,006354
9,251323	-1,384095	0,008906
9,261323	-1,390468	0,001251
9,281476	-1,390468	0,003802
9,291476	-1,384095	0,005078
9,301476	-1,390468	0,005078
9,311476	-1,386645	0,006354
9,321476	-1,384095	0,006354
9,331476	-1,386645	0,00763
9,341476	-1,390468	0,00763
9,351476	-1,386645	0,003802
9,361476	-1,387919	0,002526
9,371476	-1,387919	0,006354
9,385333	-1,390468	0,002526
9,395333	-1,391743	0,006354
9,405333	-1,389194	0,005078
9,415333	-1,387919	0,003802
9,425333	-1,387919	0,006354
9,435333	-1,384095	0,008906
9,445333	-1,387919	0,006354
9,455333	-1,387919	0,006354
9,465333	-1,390468	0,002526
9,475333	-1,389194	0,006354
9,502763	-1,386645	0,006354
9,512763	-1,390468	0,002526
9,522763	-1,386645	0,010181
9,532763	-1,387919	0,002526
9,542763	-1,386645	0,010181
9,552763	-1,387919	0,002526
9,562763	-1,384095	0,006354
9,572763	-1,384095	0,006354
9,582763	-1,384095	0,006354
9,592763	-1,384095	0,008906
9,61124	-1,391743	0,002526
9,62124	-1,386645	0,005078
9,63124	-1,38537	0,006354
9,64124	-1,387919	0,008906
9,65124	-1,391743	0,006354
9,66124	-1,387919	0,002526
9,67124	-1,384095	0,008906
9,68124	-1,389194	0,002526
9,69124	-1,384095	0,00763
9,70124	-1,390468	0,00763
9,720282	-1,390468	0,003802
9,730282	-1,382821	0,006354
9,740282	-1,391743	0,003802
9,750282	-1,390468	0,003802
9,760282	-1,386645	0,002526
9,770282	-1,387919	0,006354
9,780282	-1,386645	0,006354
9,790282	-1,389194	0,006354
9,800282	-1,387919	0,002526
9,810282	-1,387919	0,010181
9,826262	-1,390468	0,006354
9,836262	-1,389194	0,003802
9,846262	-1,387919	0,006354
9,856262	-1,386645	0,006354
9,866262	-1,390468	0,003802
9,876262	-1,384095	0,006354
9,886262	-1,387919	0,002526
9,896262	-1,390468	0,00763
9,906262	-1,386645	0,003802
9,916262	-1,386645	0,005078
9,94664	-1,387919	0,006354
9,95664	-1,386645	0,006354
9,96664	-1,390468	0,003802
9,97664	-1,387919	0,008906
9,98664	-1,387919	0,003802
9,99664	-1,387919	0,006354
10,00664	-1,384095	0,008906
10,01664	-1,387919	0,005078
10,02664	-1,386645	0,006354
10,03664	-1,389194	0,005078
10,060498	-1,390468	0,003802
10,070498	-1,386645	0,008906
10,080498	-1,386645	0,002526
10,090498	-1,387919	0,010181
10,100498	-1,387919	0,008906
10,110498	-1,387919	0,010181
10,120498	-1,38537	0,00763
10,130498	-1,386645	0,002526
10,140498	-1,387919	0,010181
10,150498	-1,386645	0,008906
10,171235	-1,391743	0,002526
10,181235	-1,386645	0,003802
10,191235	-1,384095	0,006354
10,201235	-1,384095	0,006354
10,211235	-1,387919	0,010181
10,221235	-1,386645	0,003802
10,231235	-1,387919	0,002526
10,241235	-1,389194	0,008906
10,251235	-1,384095	0,006354
10,261235	-1,391743	0,002526
10,276379	-1,386645	0,006354
10,286379	-1,38537	0,006354
10,296379	-1,386645	0,002526
10,306379	-1,384095	0,010181
10,316379	-1,390468	0,002526
10,326379	-1,386645	0,006354
10,336379	-1,387919	0,006354
10,346379	-1,390468	0,002526
10,356379	-1,384095	0,006354
10,366379	-1,390468	0,006354
10,384706	-1,384095	0,008906
10,394706	-1,390468	0,006354
10,404706	-1,387919	0,010181
10,414706	-1,384095	0,006354
10,424706	-1,386645	0,002526
10,434706	-1,386645	0,008906
10,444706	-1,386645	0,002526
10,454706	-1,387919	0,010181
10,464706	-1,387919	0,003802
10,474706	-1,387919	0,010181
10,504501	-1,390468	0,003802
10,514501	-1,386645	0,006354
10,524501	-1,384095	0,006354
10,534501	-1,386645	0,008906
10,544501	-1,386645	0,006354
10,554501	-1,387919	0,006354
10,564501	-1,384095	0,006354
10,574501	-1,389194	0,006354
10,584501	-1,386645	0,002526
10,594501	-1,386645	0,008906
10,61632	-1,384095	0,008906
10,62632	-1,386645	0,003802
10,63632	-1,382821	0,006354
10,64632	-1,386645	0,010181
10,65632	-1,390468	0,003802
10,66632	-1,386645	0,003802
10,67632	-1,386645	0,003802
10,68632	-1,389194	0,006354
10,69632	-1,387919	0,002526
10,70632	-1,384095	0,006354
10,73588	-1,387919	0,006354
10,74588	-1,387919	0,00763
10,75588	-1,386645	0,002526
10,76588	-1,386645	0,008906
10,77588	-1,386645	0,002526
10,78588	-1,386645	0,010181
10,79588	-1,386645	0,003802
10,80588	-1,390468	0,006354
10,81588	-1,390468	0,006354
10,82588	-1,384095	0,00763
10,848774	-1,384095	0,010181
10,858774	-1,387919	0,002526
10,868774	-1,390468	0,003802
10,878774	-1,382821	0,008906
10,888774	-1,390468	0,003802
10,898774	-1,386645	0,002526
10,908774	-1,387919	0,002526
10,918774	-1,38537	0,008906
10,928774	-1,390468	0,006354
10,938774	-1,386645	0,002526
10,956173	-1,390468	0,003802
10,966173	-1,386645	0,006354
10,976173	-1,384095	0,008906
10,986173	-1,387919	0,008906
10,996173	-1,390468	0,002526
11,006173	-1,386645	0,006354
11,016173	-1,386645	0,006354
11,026173	-1,390468	0,003802
11,036173	-1,386645	0,006354
11,046173	-1,386645	0,006354
11,066737	-1,387919	0,006354
11,076737	-1,391743	0,002526
11,086737	-1,387919	0,006354
11,096737	-1,384095	0,005078
11,106737	-1,384095	0,006354
11,116737	-1,384095	0,008906
11,126737	-1,390468	0,003802
11,136737	-1,386645	0,008906
11,146737	-1,387919	0,002526
11,156737	-1,386645	0,010181
11,184051	-1,390468	0,003802
11,194051	-1,382821	0,006354
11,204051	-1,386645	0,008906
11,214051	-1,391743	0,002526
11,224051	-1,384095	0,008906
11,234051	-1,386645	0,005078
11,244051	-1,390468	0,003802
11,254051	-1,382821	0,008906
11,264051	-1,390468	0,003802
11,274051	-1,382821	0,010181
11,304092	-1,386645	0,00763
11,314092	-1,386645	0,008906
11,324092	-1,389194	0,008906
11,334092	-1,390468	0,002526
11,344092	-1,384095	0,008906
11,354092	-1,387919	0,002526
11,364092	-1,386645	0,008906
11,374092	-1,386645	0,002526
11,384092	-1,384095	0,006354
11,394092	-1,38537	0,010181
11,409567	-1,387919	0,006354
11,419567	-1,384095	0,006354
11,429567	-1,387919	0,002526
11,439567	-1,390468	0,003802
11,449567	-1,386645	0,006354
11,459567	-1,386645	0,008906
11,469567	-1,384095	0,006354
11,479567	-1,382821	0,006354
11,489567	-1,386645	0,008906
11,499567	-1,384095	0,003802
11,519792	-1,386645	0,006354
11,529792	-1,389194	0,002526
11,539792	-1,384095	0,010181
11,549792	-1,38537	0,006354
11,559792	-1,384095	0,010181
11,569792	-1,387919	0,006354
11,579792	-1,38537	0,00763
11,589792	-1,381546	0,006354
11,599792	-1,384095	0,00763
11,609792	-1,377723	0,003802
11,639146	-1,362428	0,008906
11,649146	-1,366252	0,006354
11,659146	-1,366252	0,006354
11,669146	-1,361154	0,008906
11,679146	-1,363703	0,006354
11,689146	-1,366252	0,002526
11,699146	-1,363703	0,006354
11,709146	-1,361154	0,008906
11,719146	-1,362428	0,002526
11,729146	-1,361154	0,006354
11,752267	-1,35733	0,006354
11,762267	-1,353506	0,006354
11,772267	-1,350957	0,005078
11,782267	-1,350957	0,002526
11,792267	-1,347134	0,010181
11,802267	-1,342035	0,006354
11,812267	-1,330565	0,006354
11,822267	-1,321643	0,002526
11,832267	-1,307623	0,006354
11,842267	-1,294877	0,006354
11,858041	-1,270661	0,003802
11,868041	-1,260465	0,00763
11,878041	-1,233699	0,006354
11,888041	-1,219679	0,006354
11,898041	-1,18909	0,006354
11,908041	-1,169972	0,006354
11,918041	-1,145755	0,010181
11,928041	-1,130461	0,003802
11,938041	-1,110068	0,006354
11,948041	-1,07693	0,010181
11,964246	-1,029772	0,008906
11,974246	-1,000457	0,003802
11,984246	-0,972417	0,008906
11,994246	-0,941828	0,002526
12,004246	-0,902317	0,006354
12,014246	-0,869179	0,006354
12,024246	-0,839864	0,006354
12,034246	-0,79653	0,00763
12,044246	-0,765941	0,002526
12,054246	-0,731528	0,00763
12,076817	-0,649957	0,006354
12,086817	-0,612995	0,006354
12,096817	-0,570935	0,008906
12,106817	-0,53015	0,003802
12,116817	-0,490639	0,006354
12,126817	-0,443481	0,003802
12,136817	-0,397597	0,010181
12,146817	-0,36191	0,006354
12,156817	-0,308379	0,006354
12,166817	-0,267593	0,00763
12,188955	-0,156708	0,006354
12,198955	-0,099353	0,002526
12,208955	-0,050921	0,006354
12,218955	0,010258	0,006354
12,228955	0,067612	0,005078
12,238955	0,119869	0,002526
12,248955	0,182321	0,008906
12,258955	0,239676	0,006354
12,268955	0,300854	0,002526
12,278955	0,360758	0,008906
12,307619	0,539194	0,008906
12,317619	0,600372	0,006354
12,327619	0,656452	0,006354
12,337619	0,729101	0,008906
12,347619	0,783907	0,006354
12,357619	0,839987	0,002526
12,367619	0,903714	0,005078
12,377619	0,968716	0,008906
12,387619	1,032443	0,006354
12,397619	1,085974	0,006354
12,414538	1,194311	0,002526
12,424538	1,260587	0,008906
12,434538	1,320491	0,008906
12,444538	1,381669	0,003802
12,454538	1,44922	0,008906
12,464538	1,516771	0,006354
12,474538	1,577949	0,003802
12,484538	1,650598	0,006354
12,494538	1,718149	0,008906
12,504538	1,784425	0,006354
12,528106	1,937371	0,008906
12,538106	1,998549	0,002526
12,548106	2,069924	0,006354
12,558106	2,131102	0,006354
12,568106	2,188456	0,002526
12,578106	2,252184	0,002526
12,588106	2,319735	0,010181
12,598106	2,378364	0,008906
12,608106	2,435718	0,005078
12,618106	2,503269	0,00763
12,641355	2,638371	0,002526
12,651355	2,705922	0,003802
12,661355	2,763277	0,006354
12,671355	2,820631	0,006354
12,681355	2,884358	0,006354
12,691355	2,940438	0,002526
12,701355	3,000342	0,008906
12,711355	3,052598	0,002526
12,721355	3,115051	0,010181
12,731355	3,174955	0,008906
12,750419	3,288389	0,005078
12,760419	3,343195	0,006354
12,770419	3,409471	0,006354
12,780419	3,460453	0,006354
12,790419	3,521631	0,003802
12,800419	3,582809	0,008906
12,810419	3,641439	0,006354
12,820419	3,703891	0,006354
12,830419	3,76252	0,002526
12,840419	3,819875	0,005078
12,863178	3,948604	0,002526
12,873178	4,008508	0,006354
12,883178	4,067137	0,010181
12,893178	4,11557	0,002526
12,903178	4,174199	0,006354
12,913178	4,231553	0,008906
12,923178	4,281261	0,006354
12,933178	4,330968	0,00763
12,943178	4,388322	0,006354
12,953178	4,436755	0,003802
12,969143	4,506855	0,002526
12,979143	4,557837	0,008906
12,989143	4,610093	0,006354
12,999143	4,652153	0,005078
13,009143	4,703135	0,008906
13,019143	4,745195	0,006354
13,029143	4,787255	0,002526
13,039143	4,836963	0,006354
13,049143	4,877748	0,002526
13,059143	4,917259	0,010181
13,089298	5,029419	0,008906
13,099298	5,062557	0,008906
13,109298	5,091872	0,002526
13,119298	5,127559	0,006354
13,129298	5,155599	0,002526
13,139298	5,18109	0,006354
13,149298	5,210404	0,010181
13,159298	5,23717	0,001251
13,169298	5,26521	0,008906
13,179298	5,291975	0,006354
13,208744	5,373546	0,008906
13,218744	5,399037	0,006354
13,228744	5,430901	0,002526
13,238744	5,470412	0,008906
13,248744	5,498452	0,002526
13,258744	5,535414	0,005078
13,268744	5,572375	0,010181
13,278744	5,606788	0,008906
13,288744	5,64375	0,006354
13,298744	5,690908	0,006354
13,322996	5,787774	0,006354
13,332996	5,820912	0,002526
13,342996	5,866796	0,008906
13,352996	5,907581	0,005078
13,362996	5,93817	0,002526
13,372996	5,981505	0,008906
13,382996	6,019741	0,006354
13,392996	6,055428	0,006354
13,402996	6,096214	0,008906
13,412996	6,122979	0,002526
13,428774	6,181608	0,006354
13,438774	6,210923	0,006354
13,448774	6,245336	0,008906
13,458774	6,267003	0,002526
13,468774	6,300141	0,010181
13,478774	6,323083	0,005078
13,488774	6,349848	0,002526
13,498774	6,37279	0,008906
13,508774	6,398281	0,006354
13,518774	6,421223	0,002526
13,538132	6,459459	0,003802
13,548132	6,491323	0,008906
13,558132	6,507892	0,006354
13,568132	6,538481	0,003802
13,578132	6,563972	0,002526
13,588132	6,594561	0,008906
13,598132	6,617503	0,002526
13,608132	6,65319	0,008906
13,618132	6,677407	0,006354
13,628132	6,707996	0,00763
13,651886	6,775547	0,005078
13,661886	6,801038	0,006354
13,671886	6,826529	0,002526
13,681886	6,846921	0,008906
13,691886	6,872412	0,002526
13,701886	6,897903	0,010181
13,711886	6,917021	0,006354
13,721886	6,938689	0,008906
13,731886	6,966729	0,008906
13,741886	6,98967	0,008906
13,771212	7,052123	0,008906
13,781212	7,066143	0,002526
13,791212	7,096732	0,008906
13,801212	7,117125	0,006354
13,811212	7,145165	0,003802
13,821212	7,17448	0,002526
13,831212	7,201245	0,002526
13,841212	7,231834	0,010181
13,851212	7,2586	0,008906
13,861212	7,289189	0,005078
13,890454	7,338896	0,002526
13,900454	7,352916	0,008906
13,910454	7,360563	0,006354
13,920454	7,378407	0,008906
13,930454	7,389878	0,006354
13,940454	7,406447	0,002526
13,950454	7,425565	0,003802
13,960454	7,442134	0,00763
13,970454	7,466351	0,006354
13,980454	7,481645	0,006354
14,004435	7,516058	0,003802
14,014435	7,546647	0,008906
14,024435	7,565765	0,006354
14,034435	7,583609	0,002526
14,044435	7,611649	0,008906
14,054435	7,640963	0,008906
14,064435	7,6792	0,006354
14,074435	7,705965	0,006354
14,084435	7,737829	0,006354
14,094435	7,758222	0,002526
14,110081	7,773516	0,006354
14,120081	7,781163	0,006354
14,130081	7,807929	0,002526
14,140081	7,813027	0,010181
14,150081	7,830871	0,006354
14,160081	7,849989	0,006354
14,170081	7,871656	0,006354
14,180081	7,898422	0,006354
14,190081	7,906069	0,006354
14,200081	7,926462	0,006354
14,214415	7,962149	0,008906
14,224415	7,977443	0,006354
14,234415	7,999111	0,010181
14,244415	8,014405	0,00763
14,254415	8,034798	0,006354
14,264415	8,051367	0,002526
14,274415	8,074309	0,008906
14,284415	8,08578	0,006354
14,294415	8,0998	0,003802
14,304415	8,111271	0,008906
14,333176	8,163527	0,008906
14,343176	8,177547	0,006354
14,353176	8,195391	0,002526
14,363176	8,205587	0,010181
14,373176	8,217058	0,003802
14,383176	8,231078	0,010181
14,393176	8,233627	0,005078
14,403176	8,251471	0,006354
14,413176	8,257843	0,00763
14,423176	8,276962	0,005078
14,437509	8,294805	0,010181
14,447509	8,305002	0,002526
14,457509	8,320296	0,005078
14,467509	8,330493	0,006354
14,477509	8,350885	0,010181
14,487509	8,367454	0,002526
14,497509	8,392945	0,006354
14,507509	8,412064	0,002526
14,517509	8,426084	0,006354
14,527509	8,440104	0,006354
14,557503	8,502556	0,006354
14,567503	8,539518	0,008906
14,577503	8,57648	0,002526
14,587503	8,591774	0,008906
14,597503	8,587951	0,002526
14,607503	8,587951	0,002526
14,617503	8,591774	0,006354
14,627503	8,591774	0,005078
14,637503	8,589225	0,002526
14,647503	8,5905	0,008906
14,670552	8,587951	0,002526
14,680552	8,587951	0,006354
14,690552	8,595598	0,008906
14,700552	8,594324	0,008906
14,710552	8,5905	0,008906
14,720552	8,5905	0,005078
14,730552	8,587951	0,002526
14,740552	8,589225	0,002526
14,750552	8,584127	0,006354
14,760552	8,565009	0,006354
14,787541	8,469418	0,005078
14,797541	8,424809	0,006354
14,807541	8,381474	0,003802
14,817541	8,331767	0,005078
14,827541	8,276962	0,006354
14,837541	8,220882	0,010181
14,847541	8,154605	0,006354
14,857541	8,089603	0,002526
14,867541	8,014405	0,006354
14,877541	7,930285	0,006354
14,8967	7,746751	0,006354
14,9067	7,65116	0,002526
14,9167	7,551745	0,006354
14,9267	7,4689	0,003802
14,9367	7,380956	0,006354
14,9467	7,289189	0,003802
14,9567	7,206343	0,006354
14,9667	7,1184	0,008906
14,9767	7,03173	0,008906
14,9867	6,941238	0,006354
15,002136	6,822705	0,006354
15,012136	6,729663	0,003802
15,022136	6,644269	0,006354
15,032136	6,55505	0,008906
15,042136	6,472205	0,006354
15,052136	6,40083	0,003802
15,062136	6,321808	0,006354
15,072136	6,247885	0,005078
15,082136	6,170137	0,006354
15,092136	6,094939	0,006354
15,106797	5,961112	0,003802
15,116797	5,888463	0,006354
15,126797	5,813265	0,008906
15,136797	5,740616	0,003802
15,146797	5,667966	0,006354
15,156797	5,596592	0,008906
15,166797	5,522668	0,008906
15,176797	5,446195	0,001251
15,186797	5,367174	0,008906
15,196797	5,280504	0,006354
15,213718	5,147952	0,006354
15,223718	5,062557	0,002526
15,233718	4,987359	0,003802
15,243718	4,909612	0,008906
15,253718	4,835688	0,005078
15,263718	4,76049	0,003802
15,273718	4,69039	0,003802
15,283718	4,627937	0,008906
15,293718	4,562935	0,003802
15,303718	4,491561	0,005078
15,332831	4,309301	0,006354
15,342831	4,253221	0,006354
15,352831	4,193317	0,002526
15,362831	4,124491	0,006354
15,372831	4,063313	0,002526
15,382831	3,994488	0,008906
15,392831	3,925662	0,00763
15,402831	3,854288	0,002526
15,412831	3,789286	0,006354
15,422831	3,728108	0,010181
15,45159	3,542024	0,005078
15,46159	3,474473	0,003802
15,47159	3,408197	0,003802
15,48159	3,331724	0,006354
15,49159	3,261624	0,005078
15,50159	3,186426	0,006354
15,51159	3,1176	0,008906
15,52159	3,039853	0,006354
15,53159	2,971028	0,003802
15,54159	2,902202	0,006354
15,565015	2,723766	0,008906
15,575015	2,647293	0,002526
15,585015	2,564447	0,00763
15,595015	2,499446	0,002526
15,605015	2,429346	0,006354
15,615015	2,361795	0,008906
15,625015	2,303166	0,003802
15,635015	2,244536	0,00763
15,645015	2,191005	0,006354
15,655015	2,133651	0,008906
15,677596	2,022765	0,006354
15,687596	1,976882	0,006354
15,697596	1,924625	0,002526
15,707596	1,873644	0,006354
15,717596	1,829034	0,006354
15,727596	1,781876	0,008906
15,737596	1,727071	0,006354
15,747596	1,688834	0,008906
15,757596	1,63148	0,003802
15,767596	1,579223	0,008906
15,7951	1,432651	0,00763
15,8051	1,382943	0,00763
15,8151	1,331962	0,006354
15,8251	1,275882	0,002526
15,8351	1,228723	0,010181
15,8451	1,176467	0,006354
15,8551	1,121662	0,00763
15,8651	1,064307	0,00763
15,8751	1,006952	0,005078
15,8851	0,947049	0,006354
15,908186	0,814496	0,008906
15,918186	0,763514	0,005078
15,928186	0,70616	0,006354
15,938186	0,648805	0,005078
15,948186	0,605471	0,005078
15,958186	0,548116	0,008906
15,968186	0,490761	0,006354
15,978186	0,43723	0,008906
15,988186	0,384974	0,003802
15,998186	0,333992	0,008906
16,012567	0,251147	0,002526
16,022567	0,19889	0,002526
16,032567	0,146634	0,002526
16,042567	0,102025	0,006354
16,052567	0,051043	0,006354
16,062567	0,008983	0,006354
16,072567	-0,036901	0,006354
16,082567	-0,078961	0,008906
16,092567	-0,12357	0,006354
16,102567	-0,168179	0,003802
16,116878	-0,238279	0,002526
16,126878	-0,275241	0,008906
16,136878	-0,323673	0,002526
16,146878	-0,363184	0,008906
16,156878	-0,407793	0,002526
16,166878	-0,448579	0,006354
16,176878	-0,486815	0,005078
16,186878	-0,522503	0,010181
16,196878	-0,565837	0,003802
16,206878	-0,592603	0,008906
16,221237	-0,638486	0,008906
16,231237	-0,666526	0,006354
16,241237	-0,69839	0,006354
16,251237	-0,725155	0,006354
16,261237	-0,744273	0,00763
16,271237	-0,774863	0,010181
16,281237	-0,801628	0,003802
16,291237	-0,829668	0,006354
16,301237	-0,856434	0,008906
16,311237	-0,892121	0,005078
16,338013	-0,963495	0,006354
16,348013	-0,994084	0,006354
16,358013	-1,017026	0,006354
16,368013	-1,038694	0,008906
16,378013	-1,066734	0,003802
16,388013	-1,083303	0,006354
16,398013	-1,098597	0,006354
16,408013	-1,111343	0,006354
16,418013	-1,115166	0,002526
16,428013	-1,11899	0,002526
16,446299	-1,124088	0,002526
16,456299	-1,121539	0,003802
16,466299	-1,121539	0,008906
16,476299	-1,121539	0,003802
16,486299	-1,11899	0,00763
16,496299	-1,121539	0,010181
16,506299	-1,121539	0,006354
16,516299	-1,11899	0,002526
16,526299	-1,115166	0,008906
16,536299	-1,122814	0,002526
16,558999	-1,121539	0,002526
16,568999	-1,115166	0,006354
16,578999	-1,106245	0,00763
16,588999	-1,085852	0,006354
16,598999	-1,075655	0,003802
16,608999	-1,047615	0,008906
16,618999	-1,018301	0,008906
16,628999	-0,981339	0,005078
16,638999	-0,946926	0,010181
16,648999	-0,899768	0,005078
16,677958	-0,773588	0,010181
16,687958	-0,735352	0,005078
16,697958	-0,688193	0,008906
16,707958	-0,646133	0,005078
16,717958	-0,602799	0,002526
16,727958	-0,545444	0,00763
16,737958	-0,489364	0,006354
16,747958	-0,437108	0,003802
16,757958	-0,372106	0,008906
16,767958	-0,31985	0,006354
16,789722	-0,180924	0,006354
16,799722	-0,115922	0,006354
16,809722	-0,048371	0,002526
16,819722	0,023003	0,006354
16,829722	0,090554	0,010181
16,839722	0,158105	0,005078
16,849722	0,232029	0,005078
16,859722	0,31105	0,008906
16,869722	0,38115	0,006354
16,879722	0,457623	0,006354
16,897759	0,611843	0,008906
16,907759	0,684492	0,006354
16,917759	0,76224	0,005078
16,927759	0,838712	0,006354
16,937759	0,906263	0,002526
16,947759	0,991658	0,008906
16,957759	1,060483	0,002526
16,967759	1,131858	0,010181
16,977759	1,203232	0,001251
16,987759	1,273333	0,010181
17,002116	1,361276	0,006354
17,012116	1,42118	0,002526
17,022116	1,487456	0,008906
17,032116	1,544811	0,006354
17,042116	1,60344	0,002526
17,052116	1,667167	0,005078
17,062116	1,72962	0,006354
17,072116	1,795896	0,005078
17,082116	1,863447	0,008906
17,092116	1,922076	0,003802
17,121558	2,120905	0,005078
17,131558	2,185907	0,008906
17,141558	2,250909	0,002526
17,151558	2,321009	0,002526
17,161558	2,387286	0,002526
17,171558	2,466307	0,006354
17,181558	2,533858	0,006354
17,191558	2,607782	0,005078
17,201558	2,675333	0,005078
17,211558	2,746707	0,008906
17,226827	2,833377	0,003802
17,236827	2,900927	0,006354
17,246827	2,959557	0,003802
17,256827	3,016911	0,008906
17,266827	3,07554	0,006354
17,276827	3,135444	0,002526
17,286827	3,195348	0,008906
17,296827	3,24378	0,006354
17,306827	3,294762	0,003802
17,316827	3,350842	0,008906
17,345505	3,491042	0,008906
17,355505	3,539475	0,006354
17,365505	3,586633	0,002526
17,375505	3,637615	0,006354
17,385505	3,698793	0,010181
17,395505	3,754873	0,006354
17,405505	3,80713	0,005078
17,415505	3,868308	0,008906
17,425505	3,935859	0,006354
17,435505	3,988115	0,005078
17,458307	4,124491	0,010181
17,468307	4,178022	0,006354
17,478307	4,236651	0,006354
17,488307	4,295281	0,006354
17,498307	4,357733	0,008906
17,508307	4,418912	0,006354
17,518307	4,477541	0,005078
17,528307	4,537444	0,006354
17,538307	4,602446	0,008906
17,548307	4,655977	0,006354
17,563184	4,740097	0,003802
17,573184	4,80255	0,006354
17,583184	4,856081	0,003802
17,593184	4,910886	0,008906
17,603184	4,964417	0,002526
17,613184	5,024321	0,006354
17,623184	5,071479	0,003802
17,633184	5,136481	0,008906
17,643184	5,191286	0,006354
17,653184	5,247366	0,002526
17,672801	5,365899	0,010181
17,682801	5,416881	0,002526
17,692801	5,476785	0,006354
17,702801	5,541786	0,008906
17,712801	5,596592	0,002526
17,722801	5,662868	0,010181
17,732801	5,729145	0,005078
17,742801	5,787774	0,005078
17,752801	5,846403	0,005078
17,762801	5,898659	0,005078
17,785073	6,040134	0,008906
17,795073	6,091116	0,002526
17,805073	6,151019	0,005078
17,815073	6,207099	0,008906
17,825073	6,263179	0,003802
17,835073	6,321808	0,006354
17,845073	6,377888	0,006354
17,855073	6,436518	0,005078
17,865073	6,487499	0,00763
17,875073	6,547403	0,006354
17,904605	6,697799	0,008906
17,914605	6,748781	0,008906
17,924605	6,794665	0,006354
17,934605	6,839274	0,002526
17,944605	6,892805	0,00763
17,954605	6,936139	0,008906
17,964605	6,987121	0,006354
17,974605	7,03173	0,00763
17,984605	7,075065	0,008906
17,994605	7,112027	0,002526
18,017295	7,211441	0,008906
18,027295	7,247129	0,006354
18,037295	7,282816	0,003802
18,047295	7,319778	0,006354
18,057295	7,347818	0,003802
18,067295	7,378407	0,003802
18,077295	7,41282	0,008906
18,087295	7,435761	0,002526
18,097295	7,462527	0,006354
18,107295	7,484194	0,006354
18,123611	7,522431	0,006354
18,133611	7,549196	0,008906
18,143611	7,569589	0,006354
18,153611	7,598903	0,006354
18,163611	7,63714	0,008906
18,173611	7,666454	0,006354
18,183611	7,688122	0,002526
18,193611	7,72126	0,008906
18,203611	7,750574	0,002526
18,213611	7,782438	0,010181
18,236858	7,867832	0,008906
18,246858	7,906069	0,006354
18,256858	7,949403	0,008906
18,266858	7,986365	0,008906
18,276858	8,018229	0,005078
18,286858	8,053916	0,006354
18,296858	8,089603	0,010181
18,306858	8,124016	0,008906
18,316858	8,157154	0,003802
18,326858	8,189018	0,002526
18,340735	8,233627	0,005078
18,350735	8,262942	0,005078
18,360735	8,293531	0,002526
18,370735	8,315198	0,006354
18,380735	8,345787	0,002526
18,390735	8,375102	0,006354
18,400735	8,396769	0,010181
18,410735	8,419711	0,008906
18,420735	8,442653	0,005078
18,430735	8,455398	0,005078
18,454056	8,49236	0,006354
18,464056	8,508929	0,006354
18,474056	8,517851	0,002526
18,484056	8,5204	0,00763
18,494056	8,529322	0,002526
18,504056	8,539518	0,008906
18,514056	8,538244	0,005078
18,524056	8,544616	0,008906
18,534056	8,547165	0,008906
18,544056	8,554813	0,006354
18,572526	8,567558	0,008906
18,582526	8,567558	0,005078
18,592526	8,570107	0,006354
18,602526	8,585402	0,006354
18,612526	8,587951	0,00763
18,622526	8,591774	0,002526
18,632526	8,591774	0,010181
18,642526	8,594324	0,006354
18,652526	8,587951	0,006354
18,662526	8,5905	0,002526
18,691336	8,591774	0,005078
18,701336	8,587951	0,00763
18,711336	8,591774	0,003802
18,721336	8,5905	0,008906
18,731336	8,5905	0,008906
18,741336	8,589225	0,002526
18,751336	8,591774	0,002526
18,761336	8,594324	0,006354
18,771336	8,589225	0,005078
18,781336	8,5905	0,002526
18,805116	8,589225	0,002526
18,815116	8,594324	0,006354
18,825116	8,591774	0,008906
18,835116	8,587951	0,006354
18,845116	8,580304	0,006354
18,855116	8,561185	0,006354
18,865116	8,536969	0,006354
18,875116	8,519125	0,008906
18,885116	8,488536	0,006354
18,895116	8,459222	0,008906
18,918047	8,377651	0,005078
18,928047	8,336865	0,006354
18,938047	8,289707	0,008906
18,948047	8,245098	0,006354
18,958047	8,190293	0,003802
18,968047	8,14186	0,006354
18,978047	8,084505	0,003802
18,988047	8,022053	0,006354
18,998047	7,963423	0,008906
19,008047	7,895872	0,002526
19,022914	7,793909	0,008906
19,032914	7,70724	0,002526
19,042914	7,634591	0,00763
19,052914	7,554294	0,005078
19,062914	7,470174	0,003802
19,072914	7,396251	0,006354
19,082914	7,322327	0,006354
19,092914	7,245854	0,008906
19,102914	7,170656	0,006354
19,112914	7,10183	0,010181
19,131284	6,960356	0,005078
19,141284	6,886432	0,005078
19,151284	6,829078	0,008906
19,161284	6,752605	0,002526
19,171284	6,68123	0,006354
19,181284	6,613679	0,00763
19,191284	6,552501	0,003802
19,201284	6,487499	0,006354
19,211284	6,42887	0,008906
19,221284	6,368967	0,002526
19,251681	6,202001	0,008906
19,261681	6,140823	0,006354
19,271681	6,09239	0,006354
19,281681	6,033761	0,010181
19,291681	5,981505	0,008906
19,301681	5,931797	0,006354
19,311681	5,876992	0,003802
19,321681	5,819637	0,002526
19,331681	5,75591	0,002526
19,341681	5,69983	0,003802
19,366937	5,562179	0,006354
19,376937	5,508648	0,002526
19,386937	5,458941	0,00763
19,396937	5,402861	0,002526
19,406937	5,350605	0,005078
19,416937	5,290701	0,006354
19,426937	5,232072	0,006354
19,436937	5,174717	0,006354
19,446937	5,116088	0,005078
19,456937	5,056184	0,010181
19,479375	4,91471	0,002526
19,489375	4,861179	0,006354
19,499375	4,797452	0,002526
19,509375	4,738823	0,002526
19,519375	4,680193	0,006354
19,529375	4,636859	0,006354
19,539375	4,583328	0,002526
19,549375	4,529797	0,002526
19,559375	4,48009	0,008906
19,569375	4,425284	0,005078
19,593485	4,287633	0,002526
19,603485	4,235377	0,008906
19,613485	4,180571	0,008906
19,623485	4,123217	0,006354
19,633485	4,067137	0,006354
19,643485	4,004684	0,003802
19,653485	3,946055	0,006354
19,663485	3,892524	0,008906
19,673485	3,828797	0,002526
19,683485	3,777815	0,002526
19,712767	3,645262	0,006354
19,722767	3,600653	0,002526
19,732767	3,564966	0,008906
19,742767	3,513984	0,003802
19,752767	3,475748	0,006354
19,762767	3,438786	0,010181
19,772767	3,392902	0,003802
19,782767	3,349568	0,006354
19,792767	3,302409	0,006354
19,802767	3,264173	0,006354
19,826499	3,1877	0,008906
19,836499	3,149464	0,003802
19,846499	3,116326	0,002526
19,856499	3,083188	0,005078
19,866499	3,042402	0,008906
19,876499	3,004166	0,008906
19,886499	2,955733	0,002526
19,896499	2,913673	0,005078
19,906499	2,86524	0,008906
19,916499	2,828278	0,008906
19,934875	2,737786	0,003802
19,944875	2,703373	0,00763
19,954875	2,653666	0,010181
19,964875	2,600135	0,006354
19,974875	2,554251	0,006354
19,984875	2,509642	0,008906
19,994875	2,456111	0,006354
20,004875	2,408953	0,010181
20,014875	2,355422	0,006354
20,024875	2,303166	0,002526
20,04325	2,215222	0,008906
20,05325	2,157867	0,002526
20,06325	2,110709	0,006354
20,07325	2,063551	0,005078
20,08325	2,013844	0,006354
20,09325	1,966685	0,002526
20,10325	1,914429	0,008906
20,11325	1,86982	0,002526
20,12325	1,830309	0,00763
20,13325	1,780602	0,006354
20,160553	1,690109	0,006354
20,170553	1,655696	0,006354
20,180553	1,622558	0,006354
20,190553	1,588145	0,006354
20,200553	1,553733	0,006354
20,210553	1,525693	0,006354
20,220553	1,493829	0,002526
20,230553	1,47726	0,006354
20,240553	1,441573	0,00763
20,250553	1,416082	0,006354
20,263875	1,376571	0,003802
20,273875	1,358727	0,008906
20,283875	1,328138	0,002526
20,293875	1,297549	0,001251
20,303875	1,272058	0,005078
20,313875	1,245292	0,006354
20,323875	1,2249	0,006354
20,333875	1,194311	0,006354
20,343875	1,173918	0,008906
20,353875	1,153525	0,006354
20,369614	1,107642	0,003802
20,379614	1,083425	0,010181
20,389614	1,047738	0,002526
20,399614	1,017149	0,010181
20,409614	0,980187	0,006354
20,419614	0,955971	0,006354
20,429614	0,91646	0,010181
20,439614	0,883321	0,005078
20,449614	0,845085	0,008906
20,459614	0,809398	0,002526
20,476686	0,755867	0,006354
20,486686	0,715081	0,002526
20,496686	0,673021	0,006354
20,506686	0,637334	0,008906
20,516686	0,605471	0,002526
20,526686	0,573607	0,008906
20,536686	0,530272	0,005078
20,546686	0,490761	0,003802
20,556686	0,452525	0,006354
20,566686	0,420661	0,006354
20,580637	0,360758	0,003802
20,590637	0,335267	0,006354
20,600637	0,29958	0,002526
20,610637	0,263892	0,00763
20,620637	0,233303	0,003802
20,630637	0,209087	0,008906
20,640637	0,173399	0,002526
20,650637	0,146634	0,003802
20,660637	0,118594	0,006354
20,670637	0,10075	0,006354
20,697246	0,042121	0,006354
20,707246	0,020454	0,006354
20,717246	0,010258	0,005078
20,727246	-0,012684	0,006354
20,737246	-0,026704	0,00763
20,747246	-0,045822	0,003802
20,757246	-0,050921	0,006354
20,767246	-0,064941	0,006354
20,777246	-0,08151	0,003802
20,787246	-0,094255	0,003802
20,802477	-0,118472	0,006354
20,812477	-0,133766	0,002526
20,822477	-0,15161	0,002526
20,832477	-0,16563	0,002526
20,842477	-0,173277	0,006354
20,852477	-0,186022	0,008906
20,862477	-0,208964	0,003802
20,872477	-0,216612	0,006354
20,882477	-0,23573	0,006354
20,892477	-0,248475	0,008906
20,911947	-0,284162	0,005078
20,921947	-0,299457	0,006354
20,931947	-0,317301	0,003802
20,941947	-0,335144	0,002526
20,951947	-0,350439	0,006354
20,961947	-0,367008	0,003802
20,971947	-0,383577	0,006354
20,981947	-0,395048	0,006354
20,991947	-0,411617	0,005078
21,001947	-0,430735	0,002526
21,024023	-0,457501	0,002526
21,034023	-0,471521	0,006354
21,044023	-0,477893	0,008906
21,054023	-0,490639	0,008906
21,064023	-0,504659	0,00763
21,074023	-0,518679	0,002526
21,084023	-0,525052	0,010181
21,094023	-0,537797	0,010181
21,104023	-0,549268	0,008906
21,114023	-0,564563	0,006354
21,141541	-0,610446	0,002526
21,151541	-0,625741	0,00763
21,161541	-0,647408	0,008906
21,171541	-0,661428	0,008906
21,181541	-0,683095	0,008906
21,191541	-0,703488	0,00763
21,201541	-0,725155	0,006354
21,211541	-0,74045	0,006354
21,221541	-0,755744	0,006354
21,231541	-0,769764	0,008906
21,260912	-0,820746	0,006354
21,270912	-0,83859	0,002526
21,280912	-0,847512	0,006354
21,290912	-0,862806	0,006354
21,300912	-0,88065	0,006354
21,310912	-0,895944	0,005078
21,320912	-0,913788	0,003802
21,330912	-0,929083	0,006354
21,340912	-0,953299	0,008906
21,350912	-0,97879	0,006354
21,366118	-1,011928	0,006354
21,376118	-1,038694	0,005078
21,386118	-1,069283	0,010181
21,396118	-1,112617	0,005078
21,406118	-1,145755	0,006354
21,416118	-1,177619	0,003802
21,426118	-1,220954	0,008906
21,436118	-1,255366	0,002526
21,446118	-1,285955	0,006354
21,456118	-1,308897	0,002526
21,474118	-1,338212	0,005078
21,484118	-1,348408	0,006354
21,494118	-1,345859	0,006354
21,504118	-1,345859	0,005078
21,514118	-1,345859	0,008906
21,524118	-1,350957	0,003802
21,534118	-1,348408	0,006354
21,544118	-1,347134	0,006354
21,554118	-1,344585	0,010181
21,564118	-1,345859	0,006354
21,580676	-1,330565	0,010181
21,590676	-1,320368	0,003802
21,600676	-1,302525	0,00763
21,610676	-1,285955	0,006354
21,620676	-1,265563	0,005078
21,630676	-1,234974	0,008906
21,640676	-1,201835	0,005078
21,650676	-1,168697	0,008906
21,660676	-1,14703	0,006354
21,670676	-1,111343	0,006354
21,694927	-1,023399	0,006354
21,704927	-0,981339	0,006354
21,714927	-0,939279	0,002526
21,724927	-0,888297	0,006354
21,734927	-0,847512	0,006354
21,744927	-0,795255	0,008906
21,754927	-0,753195	0,006354
21,764927	-0,704763	0,006354
21,774927	-0,648683	0,006354
21,784927	-0,593877	0,006354
21,81164	-0,421813	0,006354
21,82164	-0,351713	0,006354
21,83164	-0,287986	0,006354
21,84164	-0,210239	0,010181
21,85164	-0,147786	0,005078
21,86164	-0,066215	0,006354
21,87164	0,006434	0,008906
21,88164	0,075259	0,002526
21,89164	0,151732	0,006354
21,90164	0,218009	0,006354
21,915956	0,32762	0,006354
21,925956	0,402818	0,008906
21,935956	0,471643	0,003802
21,945956	0,544292	0,008906
21,955956	0,614392	0,006354
21,965956	0,676845	0,002526
21,975956	0,763514	0,008906
21,985956	0,824692	0,002526
21,995956	0,894792	0,006354
22,005956	0,962343	0,002526
22,024486	1,094896	0,008906
22,034486	1,167545	0,00763
22,044486	1,240194	0,006354
22,054486	1,316667	0,005078
22,064486	1,388042	0,006354
22,074486	1,472162	0,006354
22,084486	1,551183	0,006354
22,094486	1,630205	0,006354
22,104486	1,709227	0,005078
22,114486	1,795896	0,006354
22,130668	1,9259	0,006354
22,140668	2,007471	0,006354
22,150668	2,087767	0,006354
22,160668	2,166789	0,006354
22,170668	2,252184	0,010181
22,180668	2,335029	0,002526
22,190668	2,4166	0,003802
22,200668	2,507093	0,008906
22,210668	2,578467	0,005078
22,220668	2,670235	0,003802
22,23644	2,797689	0,010181
22,24644	2,870338	0,005078
22,25644	2,957008	0,010181
22,26644	3,024558	0,002526
22,27644	3,104855	0,006354
22,28644	3,1877	0,006354
22,29644	3,259075	0,005078
22,30644	3,331724	0,006354
22,31644	3,404373	0,008906
22,32644	3,477022	0,002526
22,350768	3,656733	0,006354
22,360768	3,73448	0,006354
22,370768	3,794384	0,005078
22,380768	3,873406	0,008906
22,390768	3,942231	0,006354
22,400768	4,022528	0,006354
22,410768	4,090079	0,003802
22,420768	4,165277	0,006354
22,430768	4,236651	0,006354
22,440768	4,313124	0,006354
22,466019	4,503032	0,006354
22,476019	4,573132	0,006354
22,486019	4,643232	0,010181
22,496019	4,708233	0,006354
22,506019	4,764313	0,006354
22,516019	4,83059	0,003802
22,526019	4,891768	0,006354
22,536019	4,945299	0,006354
22,546019	5,003928	0,008906
22,556019	5,057459	0,002526
22,578507	5,188737	0,008906
22,588507	5,240994	0,006354
22,598507	5,302172	0,006354
22,608507	5,356977	0,006354
22,618507	5,40541	0,008906
22,628507	5,456392	0,006354
22,638507	5,518845	0,006354
22,648507	5,572375	0,006354
22,658507	5,642476	0,003802
22,668507	5,710026	0,002526
22,692483	5,851501	0,008906
22,702483	5,902483	0,006354
22,712483	5,96621	0,006354
22,722483	6,015917	0,006354
22,732483	6,070723	0,008906
22,742483	6,121705	0,006354
22,752483	6,172687	0,002526
22,762483	6,227492	0,005078
22,772483	6,277199	0,00763
22,782483	6,329456	0,002526
22,800683	6,42887	0,003802
22,810683	6,482401	0,003802
22,820683	6,534658	0,006354
22,830683	6,575443	0,003802
22,840683	6,622601	0,010181
22,850683	6,668485	0,006354
22,860683	6,70927	0,008906
22,870683	6,753879	0,006354
22,880683	6,788292	0,003802
22,890683	6,829078	0,005078
22,911264	6,880059	0,002526
22,921264	6,920845	0,006354
22,931264	6,938689	0,006354
22,941264	6,970552	0,005078
22,951264	7,002416	0,006354
22,961264	7,022809	0,003802
22,971264	7,049574	0,002526
22,981264	7,081438	0,008906
22,991264	7,10183	0,00763
23,001264	7,134969	0,002526
23,028538	7,221638	0,006354
23,038538	7,248403	0,006354
23,048538	7,28664	0,003802
23,058538	7,313405	0,006354
23,068538	7,338896	0,008906
23,078538	7,363112	0,002526
23,088538	7,394976	0,008906
23,098538	7,417918	0,006354
23,108538	7,449781	0,006354
23,118538	7,484194	0,010181
23,132236	7,530078	0,006354
23,142236	7,56704	0,010181
23,152236	7,600178	0,006354
23,162236	7,640963	0,003802
23,172236	7,681749	0,010181
23,182236	7,713612	0,002526
23,192236	7,756947	0,006354
23,202236	7,811752	0,00763
23,212236	7,83342	0,008906
23,222236	7,867832	0,00763
23,237208	7,93156	0,008906
23,247208	7,960874	0,002526
23,257208	7,992738	0,010181
23,267208	8,016954	0,006354
23,277208	8,034798	0,002526
23,287208	8,059014	0,006354
23,297208	8,065387	0,006354
23,307208	8,075583	0,005078
23,317208	8,074309	0,00763
23,327208	8,084505	0,006354
23,346132	8,102349	0,008906
23,356132	8,104898	0,002526
23,366132	8,117643	0,006354
23,376132	8,131663	0,006354
23,386132	8,145683	0,005078
23,396132	8,162253	0,006354
23,406132	8,185194	0,008906
23,416132	8,195391	0,002526
23,426132	8,228529	0,008906
23,436132	8,245098	0,006354
23,451533	8,292256	0,006354
23,461533	8,321571	0,010181
23,471533	8,345787	0,003802
23,481533	8,371278	0,006354
23,491533	8,386573	0,006354
23,501533	8,405691	0,005078
23,511533	8,424809	0,006354
23,521533	8,442653	0,006354
23,531533	8,455398	0,006354
23,541533	8,465594	0,00763
23,565268	8,468144	0,002526
23,575268	8,474516	0,006354
23,585268	8,468144	0,006354
23,595268	8,470693	0,008906
23,605268	8,468144	0,006354
23,615268	8,469418	0,002526
23,625268	8,471967	0,008906
23,635268	8,468144	0,006354
23,645268	8,456673	0,006354
23,655268	8,438829	0,008906
23,684063	8,345787	0,003802
23,694063	8,306276	0,003802
23,704063	8,261667	0,006354
23,714063	8,205587	0,002526
23,724063	8,152056	0,008906
23,734063	8,095976	0,006354
23,744063	8,033523	0,002526
23,754063	7,982542	0,008906
23,764063	7,914991	0,008906
23,774063	7,86146	0,008906
23,803861	7,683023	0,008906
23,813861	7,616747	0,006354
23,823861	7,550471	0,008906
23,833861	7,495665	0,005078
23,843861	7,431938	0,010181
23,853861	7,373309	0,006354
23,863861	7,313405	0,008906
23,873861	7,261149	0,006354
23,883861	7,20252	0,006354
23,893861	7,152812	0,008906
23,918352	7,02026	0,001251
23,928352	6,969278	0,008906
23,938352	6,90555	0,003802
23,948352	6,853294	0,008906
23,958352	6,794665	0,010181
23,968352	6,728389	0,006354
23,978352	6,662112	0,002526
23,988352	6,604758	0,010181
23,998352	6,546128	0,005078
24,008352	6,48495	0,006354
24,027881	6,365143	0,008906
24,037881	6,296318	0,006354
24,047881	6,235139	0,002526
24,057881	6,173961	0,002526
24,067881	6,107685	0,008906
24,077881	6,033761	0,005078
24,087881	5,962387	0,006354
24,097881	5,892286	0,006354
24,107881	5,819637	0,002526
24,117881	5,745714	0,002526
24,130726	5,645025	0,003802
24,140726	5,577474	0,006354
24,150726	5,508648	0,005078
24,160726	5,441097	0,003802
24,170726	5,378645	0,006354
24,180726	5,312368	0,003802
24,190726	5,255014	0,006354
24,200726	5,196384	0,006354
24,210726	5,133932	0,008906
24,220726	5,06893	0,006354
24,249461	4,899415	0,006354
24,259461	4,838237	0,002526
24,269461	4,777059	0,010181
24,279461	4,714606	0,006354
24,289461	4,652153	0,006354
24,299461	4,593524	0,003802
24,309461	4,534895	0,006354
24,319461	4,474992	0,002526
24,329461	4,407441	0,003802
24,339461	4,344988	0,006354
24,36726	4,174199	0,006354
24,37726	4,113021	0,006354
24,38726	4,044195	0,003802
24,39726	3,985566	0,005078
24,40726	3,911642	0,002526
24,41726	3,844091	0,008906
24,42726	3,767619	0,003802
24,43726	3,700068	0,008906
24,44726	3,631242	0,003802
24,45726	3,571339	0,006354
24,479558	3,442609	0,006354
24,489558	3,392902	0,006354
24,499558	3,339371	0,006354
24,509558	3,287115	0,006354
24,519558	3,245055	0,006354
24,529558	3,191524	0,002526
24,539558	3,144366	0,008906
24,549558	3,094658	0,002526
24,559558	3,050049	0,006354
24,569558	2,997793	0,003802
24,593479	2,890731	0,008906
24,603479	2,834651	0,003802
24,613479	2,786218	0,00763
24,623479	2,736511	0,002526
24,633479	2,681706	0,006354
24,643479	2,628175	0,006354
24,653479	2,564447	0,008906
24,663479	2,509642	0,006354
24,673479	2,456111	0,006354
24,683479	2,391109	0,006354
24,711724	2,2063	0,003802
24,721724	2,143847	0,008906
24,731724	2,073747	0,003802
24,741724	2,008745	0,008906
24,751724	1,942469	0,006354
24,761724	1,876193	0,008906
24,771724	1,808642	0,006354
24,781724	1,747464	0,008906
24,791724	1,681187	0,002526
24,801724	1,611087	0,010181
24,830396	1,455593	0,006354
24,840396	1,40716	0,010181
24,850396	1,360002	0,006354
24,860396	1,319216	0,006354
24,870396	1,270783	0,008906
24,880396	1,227449	0,003802
24,890396	1,180291	0,010181
24,900396	1,131858	0,002526
24,910396	1,085974	0,010181
24,920396	1,038816	0,005078
24,942706	0,924107	0,002526
24,952706	0,878223	0,006354
24,962706	0,833614	0,006354
24,972706	0,781358	0,006354
24,982706	0,743121	0,008906
24,992706	0,689591	0,008906
25,002706	0,643707	0,006354
25,012706	0,602921	0,006354
25,022706	0,55194	0,003802
25,032706	0,504781	0,002526
25,054649	0,40919	0,006354
25,064649	0,372229	0,008906
25,074649	0,330169	0,006354
25,084649	0,28556	0,002526
25,094649	0,246049	0,003802
25,104649	0,201439	0,006354
25,114649	0,159379	0,003802
25,124649	0,116045	0,003802
25,134649	0,076534	0,006354
25,144649	0,039572	0,008906
25,157953	-0,017782	0,003802
25,167953	-0,050921	0,002526
25,177953	-0,082784	0,006354
25,187953	-0,113373	0,008906
25,197953	-0,157982	0,00763
25,207953	-0,189846	0,008906
25,217953	-0,22171	0,006354
25,227953	-0,259946	0,006354
25,237953	-0,290535	0,006354
25,247953	-0,321124	0,005078
25,266555	-0,372106	0,006354
25,276555	-0,402695	0,003802
25,286555	-0,43201	0,005078
25,296555	-0,458775	0,006354
25,306555	-0,48809	0,003802
25,316555	-0,518679	0,006354
25,326555	-0,546719	0,00763
25,336555	-0,564563	0,008906
25,346555	-0,587504	0,006354
25,356555	-0,606623	0,006354
25,378833	-0,648683	0,008906
25,388833	-0,667801	0,002526
25,398833	-0,685644	0,008906
25,408833	-0,704763	0,002526
25,418833	-0,725155	0,008906
25,428833	-0,749372	0,006354
25,438833	-0,777412	0,002526
25,448833	-0,808001	0,006354
25,458833	-0,832217	0,006354
25,468833	-0,86663	0,006354
25,484911	-0,911239	0,006354
25,494911	-0,938004	0,006354
25,504911	-0,973692	0,008906
25,514911	-1,005555	0,008906
25,524911	-1,039968	0,002526
25,534911	-1,075655	0,006354
25,544911	-1,099872	0,008906
25,554911	-1,127912	0,010181
25,564911	-1,158501	0,006354
25,574911	-1,187815	0,006354
25,603622	-1,270661	0,003802
25,613622	-1,292328	0,010181
25,623622	-1,31527	0,003802
25,633622	-1,342035	0,003802
25,643622	-1,347134	0,008906
25,653622	-1,354781	0,00763
25,663622	-1,361154	0,002526
25,673622	-1,35733	0,008906
25,683622	-1,35733	0,008906
25,693622	-1,361154	0,002526
25,713038	-1,361154	0,002526
25,723038	-1,35733	0,006354
25,733038	-1,354781	0,010181
25,743038	-1,35733	0,003802
25,753038	-1,349683	0,006354
25,763038	-1,344585	0,010181
25,773038	-1,331839	0,006354
25,783038	-1,317819	0,006354
25,793038	-1,298701	0,002526
25,803038	-1,283406	0,008906
25,826156	-1,222228	0,006354
25,836156	-1,187815	0,008906
25,846156	-1,149579	0,006354
25,856156	-1,124088	0,002526
25,866156	-1,09095	0,006354
25,876156	-1,047615	0,005078
25,886156	-1,005555	0,003802
25,896156	-0,957123	0,008906
25,906156	-0,902317	0,005078
25,916156	-0,855159	0,006354
25,93854	-0,720057	0,010181
25,94854	-0,667801	0,003802
25,95854	-0,60025	0,006354
25,96854	-0,54417	0,006354
25,97854	-0,472795	0,00763
25,98854	-0,405244	0,008906
25,99854	-0,33387	0,005078
26,00854	-0,258672	0,008906
26,01854	-0,183473	0,002526
26,02854	-0,09553	0,006354
26,047363	0,048494	0,008906
26,057363	0,124967	0,003802
26,067363	0,197616	0,006354
26,077363	0,27154	0,010181
26,087363	0,34164	0,002526
26,097363	0,416838	0,006354
26,107363	0,486938	0,002526
26,117363	0,564685	0,006354
26,127363	0,625863	0,006354
26,137363	0,697238	0,005078
26,153342	0,805574	0,003802
26,163342	0,883321	0,008906
26,173342	0,952147	0,003802
26,183342	1,022247	0,006354
26,193342	1,097445	0,006354
26,203342	1,172643	0,002526
26,213342	1,246567	0,002526
26,223342	1,325589	0,006354
26,233342	1,409709	0,008906
26,243342	1,495103	0,003802
26,259038	1,623833	0,006354
26,269038	1,713051	0,00763
26,279038	1,800994	0,006354
26,289038	1,890213	0,006354
26,299038	1,987078	0,005078
26,309038	2,063551	0,003802
26,319038	2,148945	0,006354
26,329038	2,227967	0,002526
26,339038	2,312087	0,008906
26,349038	2,387286	0,006354
26,367347	2,544055	0,003802
26,377347	2,624351	0,005078
26,387347	2,702098	0,008906
26,397347	2,764551	0,006354
26,407347	2,8372	0,00763
26,417347	2,900927	0,006354
26,427347	2,96338	0,008906
26,437347	3,022009	0,006354
26,447347	3,092109	0,006354
26,457347	3,154562	0,008906
26,480526	3,292213	0,008906
26,490526	3,352117	0,005078
26,500526	3,420942	0,008906
26,510526	3,487219	0,003802
26,520526	3,55222	0,002526
26,530526	3,626144	0,006354
26,540526	3,700068	0,005078
26,550526	3,772717	0,006354
26,560526	3,844091	0,008906
26,570526	3,914191	0,002526
26,592206	4,086255	0,008906
26,602206	4,148708	0,006354
26,612206	4,223906	0,006354
26,622206	4,285084	0,003802
26,632206	4,356459	0,00763
26,642206	4,422735	0,006354
26,652206	4,486462	0,006354
26,662206	4,556562	0,008906
26,672206	4,615192	0,003802
26,682206	4,685292	0,006354
26,700706	4,797452	0,003802
26,710706	4,862453	0,006354
26,720706	4,919808	0,008906
26,730706	4,972064	0,005078
26,740706	5,031968	0,008906
26,750706	5,088048	0,002526
26,760706	5,154324	0,008906
26,770706	5,211679	0,006354
26,780706	5,277955	0,006354
26,790706	5,340408	0,003802
26,804975	5,448745	0,010181
26,814975	5,51757	0,005078
26,824975	5,597866	0,008906
26,834975	5,681986	0,008906
26,844975	5,750812	0,006354
26,854975	5,831108	0,001251
26,864975	5,898659	0,006354
26,874975	5,971308	0,010181
26,884975	6,03631	0,006354
26,894975	6,102587	0,008906
26,910174	6,189256	0,006354
26,920174	6,251708	0,010181
26,930174	6,31671	0,006354
26,940174	6,375339	0,00763
26,950174	6,431419	0,006354
26,960174	6,490048	0,006354
26,970174	6,549952	0,010181
26,980174	6,607307	0,006354
26,990174	6,669759	0,010181
27,000174	6,728389	0,002526
27,020493	6,854569	0,008906
27,030493	6,917021	0,010181
27,040493	6,971827	0,006354
27,050493	7,033005	0,00763
27,060493	7,095458	0,006354
27,070493	7,155361	0,008906
27,080493	7,211441	0,006354
27,090493	7,280267	0,006354
27,100493	7,335072	0,003802
27,110493	7,393701	0,010181
27,132465	7,541549	0,005078
27,142465	7,610374	0,008906
27,152465	7,677925	0,002526
27,162465	7,739103	0,003802
27,172465	7,809203	0,003802
27,182465	7,876754	0,006354
27,192465	7,953227	0,006354
27,202465	8,011856	0,002526
27,212465	8,076858	0,006354
27,222465	8,143134	0,010181
27,245497	8,28206	0,008906
27,255497	8,334316	0,010181
27,265497	8,382749	0,006354
27,275497	8,433731	0,006354
27,285497	8,479614	0,003802
27,295497	8,526773	0,006354
27,305497	8,567558	0,002526
27,315497	8,593049	0,006354
27,325497	8,5905	0,010181
27,335497	8,5905	0,008906
27,355596	8,5905	0,005078
27,365596	8,594324	0,008906
27,375596	8,593049	0,006354
27,385596	8,586676	0,002526
27,395596	8,587951	0,002526
27,405596	8,589225	0,006354
27,415596	8,591774	0,010181
27,425596	8,594324	0,006354
27,435596	8,591774	0,006354
27,445596	8,591774	0,003802
27,467721	8,587951	0,003802
27,477721	8,587951	0,002526
27,487721	8,5905	0,006354
27,497721	8,595598	0,006354
27,507721	8,587951	0,00763
27,517721	8,591774	0,006354
27,527721	8,5905	0,006354
27,537721	8,589225	0,003802
27,547721	8,589225	0,006354
27,557721	8,5905	0,003802
27,5812	8,591774	0,006354
27,5912	8,591774	0,010181
27,6012	8,575205	0,008906
27,6112	8,561185	0,008906
27,6212	8,535694	0,006354
27,6312	8,50638	0,002526
27,6412	8,477065	0,006354
27,6512	8,442653	0,00763
27,6612	8,395494	0,005078
27,6712	8,353434	0,006354
27,68483	8,261667	0,002526
27,69483	8,19794	0,006354
27,70483	8,136762	0,00763
27,71483	8,076858	0,00763
27,72483	8,022053	0,006354
27,73483	7,963423	0,008906
27,74483	7,908618	0,006354
27,75483	7,852538	0,008906
27,76483	7,792634	0,005078
27,77483	7,73528	0,008906
27,792981	7,632042	0,002526
27,802981	7,578511	0,002526
27,812981	7,530078	0,006354
27,822981	7,484194	0,006354
27,832981	7,438311	0,010181
27,842981	7,393701	0,008906
27,852981	7,352916	0,006354
27,862981	7,30066	0,006354
27,872981	7,262423	0,003802
27,882981	7,205069	0,002526
27,906774	7,08781	0,006354
27,916774	7,022809	0,006354
27,926774	6,953983	0,008906
27,936774	6,880059	0,003802
27,946774	6,812509	0,006354
27,956774	6,725839	0,006354
27,966774	6,640445	0,008906
27,976774	6,551227	0,008906
27,986774	6,450538	0,006354
27,996774	6,361319	0,006354
28,022767	6,116607	0,006354
28,032767	6,033761	0,003802
28,042767	5,959837	0,005078
28,052767	5,883365	0,008906
28,062767	5,809441	0,008906
28,072767	5,739341	0,008906
28,082767	5,67179	0,010181
28,092767	5,611886	0,005078
28,102767	5,550708	0,002526
28,112767	5,499726	0,008906
28,12559	5,425803	0,008906
28,13559	5,372272	0,008906
28,14559	5,316192	0,008906
28,15559	5,258837	0,006354
28,16559	5,200208	0,003802
28,17559	5,136481	0,008906
28,18559	5,066381	0,005078
28,19559	4,99883	0,006354
28,20559	4,919808	0,008906
28,21559	4,84461	0,006354
28,231276	4,717155	0,002526
28,241276	4,631761	0,002526
28,251276	4,545092	0,003802
28,261276	4,459697	0,005078
28,271276	4,379401	0,006354
28,281276	4,299104	0,00763
28,291276	4,22773	0,008906
28,301276	4,148708	0,001251
28,311276	4,081157	0,002526
28,321276	4,014881	0,008906
28,344231	3,847915	0,003802
28,354231	3,788011	0,006354
28,364231	3,726833	0,002526
28,374231	3,660557	0,002526
28,384231	3,607026	0,005078
28,394231	3,548397	0,005078
28,404231	3,494866	0,006354
28,414231	3,446433	0,006354
28,424231	3,394177	0,008906
28,434231	3,34192	0,006354
28,451564	3,239957	0,002526
28,461564	3,1877	0,003802
28,471564	3,135444	0,008906
28,481564	3,081913	0,005078
28,491564	3,03348	0,002526
28,501564	2,986322	0,002526
28,511564	2,936615	0,008906
28,521564	2,880535	0,003802
28,531564	2,832102	0,006354
28,541564	2,779846	0,008906
28,56021	2,680431	0,008906
28,57021	2,624351	0,005078
28,58021	2,560624	0,006354
28,59021	2,508367	0,002526
28,60021	2,448464	0,010181
28,61021	2,384736	0,006354
28,62021	2,324833	0,006354
28,63021	2,263655	0,010181
28,64021	2,197378	0,00763
28,65021	2,134925	0,008906
28,677822	1,952665	0,006354
28,687822	1,890213	0,008906
28,697822	1,817564	0,002526
28,707822	1,752562	0,006354
28,717822	1,688834	0,006354
28,727822	1,618734	0,008906
28,737822	1,551183	0,006354
28,747822	1,49128	0,006354
28,757822	1,427553	0,006354
28,767822	1,362551	0,00763
28,781444	1,286078	0,002526
28,791444	1,229998	0,006354
28,801444	1,179016	0,005078
28,811444	1,12676	0,006354
28,821444	1,074503	0,005078
28,831444	1,026071	0,005078
28,841444	0,975089	0,003802
28,851444	0,935578	0,002526
28,861444	0,892243	0,002526
28,871444	0,852732	0,006354
28,893341	0,773711	0,005078
28,903341	0,732925	0,006354
28,913341	0,685767	0,006354
28,923341	0,646256	0,008906
28,933341	0,601647	0,006354
28,943341	0,548116	0,00763
28,953341	0,498409	0,002526
28,963341	0,446152	0,002526
28,973341	0,392621	0,005078
28,983341	0,342914	0,006354
29,001441	0,252421	0,008906
29,011442	0,189969	0,002526
29,021441	0,137712	0,006354
29,031441	0,090554	0,003802
29,041441	0,038298	0,006354
29,051441	-0,001213	0,006354
29,061442	-0,047097	0,002526
29,071441	-0,080235	0,003802
29,081442	-0,114648	0,003802
29,091441	-0,146512	0,006354
29,118978	-0,230632	0,00763
29,128978	-0,261221	0,008906
29,138978	-0,293084	0,008906
29,148978	-0,324948	0,008906
29,158978	-0,356812	0,006354
29,168978	-0,38995	0,010181
29,178978	-0,421813	0,006354
29,188978	-0,457501	0,008906
29,198978	-0,498286	0,006354
29,208978	-0,540346	0,006354
29,232012	-0,618093	0,006354
29,242012	-0,648683	0,006354
29,252012	-0,679272	0,008906
29,262012	-0,711135	0,006354
29,272012	-0,744273	0,002526
29,282012	-0,76849	0,006354
29,292012	-0,799079	0,005078
29,302012	-0,828394	0,002526
29,312012	-0,851335	0,00763
29,322012	-0,88065	0,010181
29,344523	-0,935455	0,008906
29,354523	-0,963495	0,003802
29,364523	-0,988986	0,010181
29,374523	-1,018301	0,010181
29,384523	-1,042517	0,010181
29,394523	-1,073106	0,00763
29,404523	-1,103695	0,003802
29,414523	-1,130461	0,008906
29,424523	-1,152128	0,008906
29,434523	-1,186541	0,002526
29,452816	-1,243895	0,006354
29,462816	-1,270661	0,008906
29,472816	-1,308897	0,003802
29,482816	-1,338212	0,008906
29,492816	-1,354781	0,006354
29,502816	-1,358605	0,005078
29,512816	-1,362428	0,006354
29,522816	-1,370075	0,003802
29,532816	-1,366252	0,006354
29,542816	-1,367526	0,002526
29,556459	-1,366252	0,006354
29,566459	-1,363703	0,006354
29,576459	-1,361154	0,008906
29,586459	-1,364977	0,003802
29,596459	-1,352232	0,008906
29,606459	-1,348408	0,006354
29,616459	-1,331839	0,008906
29,626459	-1,313995	0,006354
29,636459	-1,292328	0,006354
29,646459	-1,271935	0,006354
29,674996	-1,173795	0,006354
29,684996	-1,141932	0,008906
29,694996	-1,112617	0,006354
29,704996	-1,064184	0,008906
29,714996	-1,02085	0,005078
29,724996	-0,974966	0,002526
29,734996	-0,920161	0,003802
29,744996	-0,855159	0,006354
29,754996	-0,788883	0,006354
29,764996	-0,71241	0,010181
29,783747	-0,551817	0,003802
29,793747	-0,44603	0,010181
29,803747	-0,349164	0,002526
29,813747	-0,231906	0,010181
29,823747	-0,115922	0,010181
29,833747	-0,001213	0,002526
29,843747	0,117319	0,002526
29,853747	0,237127	0,006354
29,863747	0,354385	0,006354
29,873747	0,460172	0,006354
29,902142	0,77626	0,006354
29,912142	0,878223	0,008906
29,922142	0,978912	0,002526
29,932142	1,083425	0,002526
29,942142	1,18284	0,002526
29,952142	1,288627	0,008906
29,962142	1,390591	0,008906
29,972142	1,492554	0,010181
29,982142	1,581773	0,003802
29,992142	1,695207	0,006354
30,019704	1,965411	0,003802
30,029704	2,0661	0,002526
30,039704	2,166789	0,008906
30,049704	2,266204	0,008906
30,059704	2,363069	0,006354
30,069704	2,457386	0,006354
30,079704	2,550427	0,006354
30,089704	2,643469	0,008906
30,099704	2,733962	0,008906
30,109704	2,820631	0,005078
30,131542	3,018186	0,010181
30,141542	3,104855	0,008906
30,151542	3,195348	0,005078
30,161542	3,283291	0,002526
30,171542	3,377608	0,006354
30,181542	3,4681	0,006354
30,191542	3,567515	0,008906
30,201542	3,668204	0,008906
30,211542	3,767619	0,006354
30,221542	3,861935	0,006354
30,240089	4,058215	0,00763
30,250089	4,149982	0,006354
30,260089	4,236651	0,002526
30,270089	4,322046	0,008906
30,280089	4,411264	0,008906
30,290089	4,486462	0,002526
30,300089	4,568033	0,003802
30,310089	4,647055	0,006354
30,320089	4,723528	0,008906
30,330089	4,80255	0,006354
30,345944	4,903239	0,006354
30,355944	4,972064	0,002526
30,365944	5,043439	0,006354
30,375944	5,117363	0,002526
30,385944	5,184914	0,00763
30,395944	5,262661	0,006354
30,405944	5,328937	0,010181
30,415944	5,390115	0,002526
30,425944	5,460215	0,002526
30,435944	5,536688	0,006354
30,453555	5,667966	0,003802
30,463555	5,745714	0,008906
30,473555	5,810716	0,006354
30,483555	5,885914	0,006354
30,493555	5,954739	0,00763
30,503555	6,021016	0,002526
30,513555	6,094939	0,008906
30,523555	6,158667	0,006354
30,533555	6,219845	0,002526
30,543555	6,283572	0,002526
30,56662	6,422498	0,006354
30,57662	6,48495	0,006354
30,58662	6,542305	0,008906
30,59662	6,59711	0,006354
30,60662	6,665936	0,008906
30,61662	6,72329	0,006354
30,62662	6,788292	0,006354
30,63662	6,843098	0,002526
30,64662	6,910649	0,006354
30,65662	6,969278	0,002526
30,678558	7,109478	0,006354
30,688558	7,175754	0,005078
30,698558	7,24203	0,006354
30,708558	7,307032	0,010181
30,718558	7,369485	0,006354
30,728558	7,423016	0,006354
30,738558	7,484194	0,008906
30,748558	7,530078	0,002526
30,758558	7,579785	0,008906
30,768558	7,630767	0,010181
30,796671	7,740378	0,006354
30,806671	7,783712	0,008906
30,816671	7,820674	0,006354
30,826671	7,853812	0,003802
30,836671	7,881852	0,002526
30,846671	7,907343	0,003802
30,856671	7,941756	0,003802
30,866671	7,963423	0,006354
30,876671	7,996562	0,003802
30,886671	8,023327	0,006354
30,906728	8,083231	0,006354
30,916728	8,116369	0,006354
30,926728	8,143134	0,008906
30,936728	8,162253	0,002526
30,946728	8,190293	0,003802
30,956728	8,21196	0,006354
30,966728	8,237451	0,005078
30,976728	8,261667	0,006354
30,986728	8,287158	0,006354
30,996728	8,322845	0,008906
31,01955	8,387847	0,008906
31,02955	8,417162	0,006354
31,03955	8,452849	0,003802
31,04955	8,47834	0,005078
31,05955	8,508929	0,00763
31,06955	8,543342	0,008906
31,07955	8,561185	0,002526
31,08955	8,586676	0,010181
31,09955	8,5905	0,002526
31,10955	8,591774	0,002526
31,131769	8,595598	0,008906
31,141769	8,5905	0,002526
31,151769	8,591774	0,008906
31,161769	8,5905	0,002526
31,171769	8,5905	0,008906
31,181769	8,593049	0,006354
31,191769	8,5905	0,002526
31,201769	8,594324	0,005078
31,211769	8,5905	0,002526
31,221769	8,5905	0,00763
31,241092	8,594324	0,008906
31,251092	8,587951	0,002526
31,261092	8,591774	0,006354
31,271092	8,589225	0,002526
31,281092	8,5905	0,005078
31,291092	8,5905	0,006354
31,301092	8,594324	0,006354
31,311092	8,587951	0,006354
31,321092	8,5905	0,008906
31,331092	8,5905	0,005078
31,349248	8,593049	0,00763
31,359248	8,585402	0,006354
31,369248	8,575205	0,008906
31,379248	8,563734	0,006354
31,389248	8,554813	0,005078
31,399248	8,552264	0,008906
31,409248	8,545891	0,008906
31,419248	8,535694	0,002526
31,429248	8,539518	0,008906
31,439248	8,529322	0,010181
31,459521	8,502556	0,006354
31,469521	8,473242	0,002526
31,479521	8,427358	0,002526
31,489521	8,362356	0,006354
31,499521	8,265491	0,002526
31,509521	8,144409	0,001251
31,519521	8,00166	0,002526
31,529521	7,846165	0,005078
31,539521	7,680474	0,006354
31,549521	7,517332	0,006354
31,572061	7,203794	0,006354
31,582061	7,086536	0,003802
31,592061	6,9782	0,010181
31,602061	6,868589	0,005078
31,612061	6,757703	0,006354
31,622061	6,622601	0,00763
31,632061	6,483676	0,006354
31,642061	6,33073	0,008906
31,652061	6,156117	0,002526
31,662061	5,96621	0,008906
31,692824	5,346781	0,002526
31,702824	5,154324	0,005078
31,712824	4,97079	0,006354
31,722824	4,787255	0,003802
31,732824	4,602446	0,002526
31,742824	4,417637	0,006354
31,752824	4,234102	0,008906
31,762824	4,042921	0,006354
31,772824	3,859386	0,006354
31,782824	3,684773	0,002526
31,809305	3,27182	0,002526
31,819305	3,123973	0,002526
31,829305	2,972302	0,006354
31,839305	2,827004	0,006354
31,849305	2,671509	0,002526
31,859305	2,516015	0,003802
31,869305	2,36052	0,003802
31,879305	2,216496	0,008906
31,889305	2,076296	0,002526
31,899305	1,956489	0,006354
31,91877	1,762758	0,006354
31,92877	1,685011	0,003802
31,93877	1,630205	0,006354
31,94877	1,590694	0,008906
31,95877	1,579223	0,006354
31,96877	1,579223	0,006354
31,97877	1,583047	0,00763
31,98877	1,584322	0,006354
31,99877	1,612362	0,005078
32,00877	1,662069	0,008906
32,032228	1,837956	0,006354
32,042228	1,947567	0,008906
32,052228	2,061002	0,005078
32,062228	2,196104	0,00763
32,072228	2,326107	0,010181
32,082228	2,470131	0,006354
32,092228	2,623077	0,006354
32,102228	2,78112	0,010181
32,112228	2,945537	0,006354
32,122228	3,130346	0,008906
32,135579	3,409471	0,002526
32,145579	3,609575	0,003802
32,155579	3,813502	0,002526
32,165579	4,011057	0,008906
32,175579	4,186944	0,006354
32,185579	4,33989	0,006354
32,195579	4,474992	0,002526
32,205579	4,585877	0,003802
32,215579	4,661075	0,006354
32,225579	4,715881	0,008906
32,240846	4,733724	0,010181
32,250846	4,726077	0,006354
32,260846	4,715881	0,006354
32,270846	4,668723	0,002526
32,280846	4,603721	0,003802
32,290846	4,524699	0,006354
32,300846	4,427833	0,006354
32,310846	4,316948	0,008906
32,320846	4,192042	0,008906
32,330846	4,053117	0,008906
32,346495	3,813502	0,008906
32,356495	3,654184	0,008906
32,366495	3,492317	0,006354
32,376495	3,334273	0,005078
32,386495	3,17368	0,006354
32,396495	3,016911	0,00763
32,406495	2,861417	0,006354
32,416495	2,708471	0,006354
32,426495	2,552976	0,006354
32,436495	2,396207	0,006354
32,458292	2,049531	0,008906
32,468292	1,910605	0,00763
32,478292	1,790798	0,006354
32,488292	1,700305	0,002526
32,498292	1,639127	0,008906
32,508292	1,604714	0,008906
32,518292	1,597067	0,005078
32,528292	1,600891	0,008906
32,538292	1,620009	0,008906
32,548292	1,664618	0,006354
32,571628	1,818838	0,002526
32,581628	1,91188	0,002526
32,591628	2,029138	0,006354
32,601628	2,147671	0,006354
32,611628	2,284047	0,006354
32,621628	2,428071	0,006354
32,631628	2,577193	0,008906
32,641628	2,736511	0,006354
32,651628	2,904751	0,002526
32,661628	3,07554	0,005078
32,689743	3,643988	0,006354
32,699743	3,844091	0,008906
32,709743	4,036548	0,002526
32,719743	4,203513	0,006354
32,729743	4,348812	0,010181
32,739743	4,464795	0,010181
32,749743	4,548915	0,006354
32,759743	4,602446	0,006354
32,769743	4,631761	0,00763
32,779743	4,629212	0,008906
32,798971	4,604995	0,005078
32,808971	4,552739	0,006354
32,818971	4,481364	0,00763
32,828971	4,398519	0,002526
32,838971	4,287633	0,005078
32,848971	4,167826	0,010181
32,858971	4,018704	0,002526
32,868971	3,867033	0,005078
32,878971	3,705166	0,006354
32,888971	3,5382	0,008906
32,912551	3,135444	0,006354
32,922551	2,955733	0,006354
32,932551	2,779846	0,003802
32,942551	2,596311	0,002526
32,952551	2,424247	0,006354
32,962551	2,261105	0,005078
32,972551	2,101787	0,002526
32,982551	1,962862	0,002526
32,992551	1,839231	0,003802
33,002551	1,738542	0,00763
33,028262	1,602165	0,008906
33,038262	1,598342	0,002526
33,048262	1,60344	0,006354
33,058262	1,6455	0,006354
33,068262	1,70158	0,002526
33,078262	1,783151	0,003802
33,088262	1,880016	0,006354
33,098262	2,003647	0,008906
33,108262	2,1362	0,006354
33,118262	2,287871	0,006354
33,136621	2,575918	0,003802
33,146621	2,742884	0,005078
33,156621	2,908575	0,002526
33,166621	3,079364	0,005078
33,176621	3,262898	0,006354
33,186621	3,44006	0,006354
33,196621	3,627419	0,006354
33,206621	3,808404	0,006354
33,216621	3,976644	0,002526
33,226621	4,119393	0,006354
33,250483	4,365381	0,002526
33,260483	4,425284	0,006354
33,270483	4,464795	0,008906
33,280483	4,471168	0,006354
33,290483	4,467344	0,002526
33,300483	4,444402	0,006354
33,310483	4,378126	0,006354
33,320483	4,287633	0,002526
33,330483	4,184395	0,006354
33,340483	4,051842	0,005078
33,36272	3,682224	0,002526
33,37272	3,51016	0,006354
33,38272	3,325351	0,002526
33,39272	3,135444	0,003802
33,40272	2,945537	0,006354
33,41272	2,75308	0,008906
33,42272	2,5568	0,002526
33,43272	2,363069	0,005078
33,44272	2,161691	0,006354
33,45272	1,965411	0,006354
33,466434	1,707953	0,006354
33,476434	1,539713	0,006354
33,486434	1,390591	0,002526
33,496434	1,277156	0,006354
33,506434	1,19686	0,006354
33,516434	1,158623	0,008906
33,526434	1,149702	0,002526
33,536434	1,157349	0,006354
33,546434	1,185389	0,006354
33,556434	1,251665	0,006354
33,581739	1,509123	0,002526
33,591739	1,6455	0,006354
33,601739	1,807367	0,002526
33,611739	1,980705	0,002526
33,621739	2,166789	0,008906
33,631739	2,350324	0,006354
33,641739	2,545329	0,006354
33,651739	2,740335	0,001251
33,661739	2,948086	0,008906
33,671739	3,150738	0,006354
33,686475	3,478297	0,006354
33,696475	3,714088	0,006354
33,706475	3,935859	0,002526
33,716475	4,146159	0,002526
33,726475	4,337341	0,005078
33,736475	4,496659	0,002526
33,746475	4,635584	0,002526
33,756475	4,74647	0,008906
33,766475	4,81657	0,003802
33,776475	4,865003	0,006354
33,798882	4,881572	0,008906
33,808882	4,873924	0,006354
33,818882	4,829315	0,008906
33,828882	4,754117	0,008906
33,838882	4,657252	0,006354
33,848882	4,543817	0,010181
33,858882	4,404892	0,006354
33,868882	4,246848	0,006354
33,878882	4,07351	0,002526
33,888882	3,873406	0,00763
33,912579	3,394177	0,005078
33,922579	3,17368	0,003802
33,932579	2,950635	0,008906
33,942579	2,728864	0,006354
33,952579	2,504544	0,002526
33,962579	2,281498	0,008906
33,972579	2,05208	0,003802
33,982579	1,843054	0,005078
33,992579	1,653147	0,006354
34,002579	1,484907	0,006354
34,031246	1,121662	0,005078
34,041246	1,036267	0,006354
34,051246	0,973814	0,008906
34,061246	0,931754	0,006354
34,071246	0,927931	0,006354
34,081246	0,931754	0,006354
34,091246	0,954696	0,008906
34,101246	1,001854	0,006354
34,111246	1,060483	0,00763
34,121246	1,125485	0,008906
34,143003	1,325589	0,003802
34,153003	1,445396	0,003802
34,163003	1,574125	0,006354
34,173003	1,733444	0,006354
34,183003	1,899134	0,008906
34,193003	2,082669	0,003802
34,203003	2,268753	0,006354
34,213003	2,470131	0,006354
34,223003	2,674058	0,006354
34,233003	2,872887	0,003802
34,251101	3,262898	0,008906
34,261101	3,48212	0,003802
34,271101	3,726833	0,010181
34,281101	3,94733	0,002526
34,291101	4,166551	0,005078
34,301101	4,370479	0,005078
34,311101	4,562935	0,008906
34,321101	4,741372	0,002526
34,331101	4,913435	0,006354
34,341101	5,071479	0,002526
34,364404	5,424528	0,008906
34,374404	5,569826	0,003802
34,384404	5,730419	0,006354
34,394404	5,866796	0,006354
34,404404	5,985328	0,006354
34,414404	6,105136	0,006354
34,424404	6,205825	0,008906
34,434404	6,298867	0,006354
34,444404	6,388085	0,002526
34,454404	6,462008	0,006354
34,469682	6,548678	0,005078
34,479682	6,586914	0,002526
34,489682	6,616228	0,006354
34,499682	6,626425	0,003802
34,509682	6,631523	0,005078
34,519682	6,631523	0,008906
34,529682	6,628974	0,002526
34,539682	6,630249	0,002526
34,549682	6,631523	0,008906
34,559682	6,628974	0,002526
34,581439	6,592012	0,010181
34,591439	6,551227	0,006354
34,601439	6,49897	0,005078
34,611439	6,435243	0,006354
34,621439	6,362594	0,006354
34,631439	6,267003	0,002526
34,641439	6,177785	0,010181
34,651439	6,071997	0,005078
34,661439	5,968759	0,00763
34,671439	5,86807	0,010181
34,693752	5,638652	0,002526
34,703752	5,549434	0,008906
34,713752	5,453843	0,006354
34,723752	5,376095	0,010181
34,733752	5,290701	0,005078
34,743752	5,210404	0,002526
34,753752	5,133932	0,008906
34,763752	5,051086	0,006354
34,773752	4,973339	0,008906
34,783752	4,889219	0,006354
34,802466	4,726077	0,006354
34,812466	4,633035	0,005078
34,822466	4,543817	0,003802
34,832466	4,450775	0,008906
34,842466	4,352635	0,006354
34,852466	4,262142	0,008906
34,862466	4,166551	0,005078
34,872466	4,077333	0,006354
34,882466	3,986841	0,003802
34,892466	3,900171	0,008906
34,914041	3,70899	0,006354
34,924041	3,62487	0,008906
34,934041	3,549671	0,002526
34,944041	3,477022	0,006354
34,954041	3,400549	0,006354
34,964041	3,336822	0,006354
34,974041	3,265448	0,005078
34,984041	3,204269	0,006354
34,994041	3,139268	0,003802
35,004041	3,079364	0,010181
35,030079	2,930242	0,005078
35,040079	2,86524	0,006354
35,050079	2,800238	0,006354
35,060079	2,732687	0,006354
35,070079	2,66896	0,006354
35,080079	2,583566	0,006354
35,090079	2,517289	0,006354
35,100079	2,43062	0,002526
35,110079	2,357971	0,008906
35,120079	2,275126	0,002526
35,143596	2,085218	0,006354
35,153596	2,006196	0,008906
35,163596	1,937371	0,006354
35,173596	1,862173	0,008906
35,183596	1,789524	0,006354
35,193596	1,728345	0,006354
35,203596	1,674814	0,006354
35,213596	1,614911	0,006354
35,223596	1,572851	0,006354
35,233596	1,530791	0,006354
35,249475	1,467063	0,006354
35,259475	1,422454	0,008906
35,269475	1,386767	0,008906
35,279475	1,345982	0,002526
35,289475	1,314118	0,008906
35,299475	1,275882	0,008906
35,309475	1,245292	0,008906
35,319475	1,204507	0,006354
35,329475	1,167545	0,006354
35,339475	1,131858	0,010181
35,366638	1,026071	0,008906
35,376638	0,981462	0,006354
35,386638	0,941951	0,003802
35,396638	0,890969	0,006354
35,406638	0,847634	0,003802
35,416638	0,8043	0,006354
35,426638	0,757141	0,00763
35,436638	0,697238	0,002526
35,446638	0,637334	0,010181
35,456638	0,586352	0,003802
35,483207	0,415563	0,006354
35,493207	0,345463	0,00763
35,503207	0,28556	0,006354
35,513207	0,214185	0,006354
35,523207	0,150458	0,006354
35,533207	0,096927	0,006354
35,543207	0,035749	0,006354
35,553207	-0,017782	0,003802
35,563207	-0,066215	0,006354
35,573207	-0,119746	0,008906
35,595479	-0,216612	0,010181
35,605479	-0,257397	0,002526
35,615479	-0,286712	0,008906
35,625479	-0,321124	0,002526
35,635479	-0,344066	0,008906
35,645479	-0,368282	0,006354
35,655479	-0,393773	0,006354
35,665479	-0,415441	0,00763
35,675479	-0,439657	0,005078
35,685479	-0,467697	0,002526
35,699338	-0,500835	0,006354
35,709338	-0,533973	0,006354
35,719338	-0,556915	0,006354
35,729338	-0,588779	0,002526
35,739338	-0,618093	0,006354
35,749338	-0,658879	0,006354
35,759338	-0,693292	0,006354
35,769338	-0,725155	0,006354
35,779338	-0,758294	0,006354
35,789338	-0,792706	0,006354
35,811883	-0,862806	0,006354
35,821883	-0,885748	0,006354
35,831883	-0,911239	0,003802
35,841883	-0,926534	0,008906
35,851883	-0,95075	0,006354
35,861883	-0,966044	0,002526
35,871883	-0,980064	0,006354
35,881883	-0,994084	0,010181
35,891883	-1,011928	0,008906
35,901883	-1,029772	0,006354
35,926002	-1,075655	0,006354
35,936002	-1,09095	0,006354
35,946002	-1,112617	0,010181
35,956002	-1,126637	0,006354
35,966002	-1,14703	0,002526
35,976002	-1,167423	0,006354
35,986002	-1,18909	0,006354
35,996002	-1,210757	0,006354
36,006002	-1,227326	0,008906
36,016002	-1,25919	0,006354
36,045985	-1,344585	0,00763
36,055985	-1,349683	0,00763
36,065985	-1,347134	0,010181
36,075985	-1,352232	0,008906
36,085985	-1,352232	0,008906
36,095985	-1,350957	0,008906
36,105985	-1,356055	0,006354
36,115985	-1,354781	0,002526
36,125985	-1,350957	0,005078
36,135985	-1,35733	0,003802
36,151431	-1,353506	0,006354
36,161431	-1,35733	0,006354
36,171431	-1,352232	0,008906
36,181431	-1,350957	0,006354
36,191431	-1,35733	0,003802
36,201431	-1,354781	0,006354
36,211431	-1,35733	0,00763
36,221431	-1,361154	0,006354
36,231431	-1,361154	0,006354
36,241431	-1,362428	0,006354
36,270481	-1,367526	0,006354
36,280481	-1,366252	0,006354
36,290481	-1,363703	0,008906
36,300481	-1,363703	0,010181
36,310481	-1,363703	0,006354
36,320481	-1,370075	0,00763
36,330481	-1,378997	0,006354
36,340481	-1,373899	0,010181
36,350481	-1,375174	0,005078
36,360481	-1,376448	0,002526
36,373181	-1,377723	0,006354
36,383181	-1,375174	0,010181
36,393181	-1,380272	0,006354
36,403181	-1,377723	0,006354
36,413181	-1,37135	0,008906
36,423181	-1,381546	0,006354
36,433181	-1,377723	0,006354
36,443181	-1,381546	0,006354
36,453181	-1,376448	0,006354
36,463181	-1,378997	0,008906
36,476903	-1,378997	0,008906
36,486903	-1,382821	0,006354
36,496903	-1,38537	0,003802
36,506903	-1,381546	0,006354
36,516903	-1,381546	0,008906
36,526903	-1,386645	0,003802
36,536903	-1,381546	0,006354
36,546903	-1,381546	0,010181
36,556903	-1,377723	0,005078
36,566903	-1,381546	0,002526
36,579497	-1,38537	0,003802
36,589497	-1,378997	0,008906
36,599497	-1,382821	0,006354
36,609497	-1,384095	0,002526
36,619497	-1,378997	0,008906
36,629497	-1,38537	0,001251
36,639497	-1,378997	0,008906
36,649497	-1,38537	0,003802
36,659497	-1,38537	0,002526
36,669497	-1,381546	0,006354
36,697599	-1,38537	0,002526
36,707599	-1,38537	0,003802
36,717599	-1,382821	0,006354
36,727599	-1,382821	0,003802
36,737599	-1,384095	0,006354
36,747599	-1,380272	0,006354
36,757599	-1,384095	0,008906
36,767599	-1,38537	0,008906
36,777599	-1,384095	0,010181
36,787599	-1,384095	0,002526
36,810486	-1,384095	0,006354
36,820486	-1,386645	0,006354
36,830486	-1,384095	0,006354
36,840486	-1,381546	0,006354
36,850486	-1,381546	0,006354
36,860486	-1,381546	0,006354
36,870486	-1,382821	0,005078
36,880486	-1,381546	0,006354
36,890486	-1,384095	0,003802
36,900486	-1,384095	0,008906
36,921261	-1,384095	0,006354
36,931261	-1,386645	0,003802
36,941261	-1,382821	0,00763
36,951261	-1,384095	0,003802
36,961261	-1,386645	0,006354
36,971261	-1,380272	0,006354
36,981261	-1,381546	0,008906
36,991261	-1,384095	0,006354
37,001261	-1,382821	0,006354
37,011261	-1,38537	0,003802
37,035385	-1,380272	0,010181
37,045385	-1,384095	0,006354
37,055385	-1,382821	0,006354
37,065385	-1,381546	0,010181
37,075385	-1,386645	0,002526
37,085385	-1,382821	0,010181
37,095385	-1,387919	0,006354
37,105385	-1,384095	0,006354
37,115385	-1,381546	0,002526
37,125385	-1,384095	0,00763
37,155361	-1,384095	0,006354
37,165361	-1,38537	0,006354
37,175361	-1,382821	0,006354
37,185361	-1,382821	0,010181
37,195361	-1,384095	0,006354
37,205361	-1,384095	0,005078
37,215361	-1,384095	0,006354
37,225361	-1,384095	0,008906
37,235361	-1,381546	0,00763
37,245361	-1,387919	0,002526
37,273448	-1,384095	0,006354
37,283448	-1,381546	0,006354
37,293448	-1,386645	0,005078
37,303448	-1,386645	0,006354
37,313448	-1,389194	0,005078
37,323448	-1,384095	0,001251
37,333448	-1,381546	0,005078
37,343448	-1,384095	0,005078
37,353448	-1,382821	0,006354
37,363448	-1,387919	0,006354
37,3858	-1,387919	0,002526
37,3958	-1,384095	0,002526
37,4058	-1,381546	0,008906
37,4158	-1,384095	0,006354
37,4258	-1,384095	0,006354
37,4358	-1,384095	0,006354
37,4458	-1,382821	0,006354
37,4558	-1,387919	0,003802
37,4658	-1,384095	0,006354
37,4758	-1,384095	0,002526
37,499892	-1,384095	0,006354
37,509892	-1,384095	0,006354
37,519892	-1,384095	0,006354
37,529892	-1,384095	0,003802
37,539892	-1,387919	0,002526
37,549892	-1,386645	0,005078
37,559892	-1,38537	0,005078
37,569892	-1,381546	0,00763
37,579892	-1,381546	0,010181
37,589892	-1,381546	0,010181
